iso3,hazard,JEL,h_week,JEL_adj,pop,JEL_pop_share,JEL_adj_pop_share
AGO,Earthquake,9799.04427760086,43.4,10631.963041196934,37885849.0,0.0002586465536934611,0.0002806315107574053
AGO,Flood,6676.731079665457,43.4,7244.25322143702,37885849.0,0.00017623284830347758,0.00019121264040927315
AGO,all_hazards,16475.775357266317,43.4,17876.216262633952,37885849.0,0.00043487940199693866,0.0004718441511666784
ALB,Earthquake,5407.34085076975,42.01,5679.059728520931,2714617.0,0.0019919350872589945,0.0020920298253937594
ALB,Flood,6143.153127706786,42.01,6451.846572374052,2714617.0,0.002262990737811922,0.002376706022386971
ALB,Tsunami,263.49433119021944,42.01,276.73492133252796,2714617.0,9.706501181942773e-05,0.00010194252866335397
ALB,all_hazards,11813.988309666756,42.01,12407.64122222751,2714617.0,0.004351990836890344,0.004570678376444084
ARG,Earthquake,14565.393105377243,36.45,13272.714467275015,45696159.0,0.0003187443632927057,0.00029045580105047813
ARG,Flood,7734.4170916527455,36.45,7047.9875747685655,45696159.0,0.00016925748817647334,0.00015423588610081134
ARG,all_hazards,22299.81019702999,36.45,20320.70204204358,45696159.0,0.0004880018514691791,0.00044469168715128947
ARM,Earthquake,4923.573144735888,38.8,4775.865950393811,3033500.0,0.0016230668022864307,0.0015743747982178377
ARM,Flood,2149.5039523606647,38.8,2085.0188337898444,3033500.0,0.0007085887431549908,0.000687331080860341
ARM,all_hazards,7073.077097096552,38.8,6860.884784183656,3033500.0,0.0023316555454414214,0.002261705879078179
AUS,Earthquake,2156.236893821455,32.29,1740.6222325373697,27204809.0,7.925940203518632e-05,6.398215229290416e-05
AUS,Flood,1446.292140977545,32.29,1167.519330804123,27204809.0,5.316310586769953e-05,4.291591721170044e-05
AUS,Storm surge,375.87328187692583,32.29,303.4237067951484,27204809.0,1.3816427892470255e-05,1.1153311416196615e-05
AUS,Tsunami,2443.3299032928603,32.29,1972.3780644331614,27204809.0,8.98124262990731e-05,7.250108112992675e-05
AUS,Wind,2010.3338884746963,32.29,1622.8420314711987,27204809.0,7.38962691660396e-05,5.965276328428546e-05
AUS,all_hazards,8432.066108443483,32.29,6806.785366041002,27204809.0,0.0003099476312604688,0.00025020522533501343
AUT,Earthquake,3396.134452965355,33.97,2884.167184180828,9178482.0,0.00037001047155350473,0.00031423139296681387
AUT,Flood,42.87408472706835,33.97,36.41081645446279,9178482.0,4.671152019153968e-06,3.966975852266507e-06
AUT,all_hazards,3439.008537692424,33.97,2920.578000635291,9178482.0,0.00037468162357265876,0.0003181983688190804
AZE,Earthquake,7601.201305594593,34.43,6542.7340237905455,10202850.0,0.0007450076503716699,0.0006412653350574149
AZE,Flood,467.9926955046325,34.43,402.8247126556124,10202850.0,4.5868820526091484e-05,3.9481587267833244e-05
AZE,all_hazards,8069.194001099225,34.43,6945.558736446158,10202850.0,0.0007908764708977614,0.0006807469223252482
BDI,Earthquake,45665.09994263254,40.27,45973.33936724532,14047786.0,0.003250697294408709,0.0032726395011459684
BDI,Flood,6221.183702117777,40.27,6263.176692107072,14047786.0,0.00044285866129493837,0.0004458479572586792
BDI,all_hazards,51886.283644750314,40.27,52236.51605935238,14047786.0,0.003693555955703647,0.003718487458404647
BEL,Earthquake,4298.4977262394295,34.54,3711.752786607747,11876844.0,0.0003619225550356163,0.00031252012627325465
BEL,Flood,76.4149507960212,34.54,65.9843100123643,11876844.0,6.433944134992528e-06,5.555710760566048e-06
BEL,all_hazards,4374.9126770354505,34.54,3777.7370966201115,11876844.0,0.00036835649917060884,0.00031807583703382075
BEN,Earthquake,1742.2156619880611,41.55,1809.7265188900983,14462724.0,0.00012046248424488092,0.00012513040550937005
BEN,Flood,8990.210796350946,41.55,9338.581464709545,14462724.0,0.0006216125535100404,0.0006457000399585545
BEN,all_hazards,10732.426458339007,41.55,11148.307983599643,14462724.0,0.0007420750377549213,0.0007708304454679245
BFA,Earthquake,333.99520936660133,46.32,386.76645244652434,23548781.0,1.4183120959280284e-05,1.642405407084657e-05
BFA,Flood,2760.1590567633157,46.32,3196.2641877319193,23548781.0,0.0001172102732945419,0.00013572949647507951
BFA,all_hazards,3094.1542661299172,46.32,3583.0306401784446,23548781.0,0.00013139339425382218,0.00015215355054592613
BGD,Earthquake,97542.95862070438,46.02,112223.1738931204,173562364.0,0.0005620052433758299,0.0006465870325038924
BGD,Flood,234632.79296580207,46.02,269945.0283071553,173562364.0,0.0013518644685307586,0.0015553200710446378
BGD,Storm surge,27497.43884079384,46.02,31635.80338633331,173562364.0,0.00015842973215549102,0.00018227340684489243
BGD,Tsunami,3902.8137208650073,46.02,4490.187185855191,173562364.0,2.248652087306789e-05,2.5870742264464612e-05
BGD,Wind,22069.08557336166,46.02,25390.48295215259,173562364.0,0.0001271536355275828,0.00014629025767448403
BGD,all_hazards,385645.08972152695,46.02,443684.67572461686,173562364.0,0.0022219396004627304,0.0025563415103323716
BGR,Earthquake,1504.9230418086968,39.0,1467.2999657634793,6444366.0,0.00023352538353791464,0.00022768724894946677
BGR,Flood,589.5793597458514,39.0,574.8398757522052,6444366.0,9.148756599886652e-05,8.920037684889486e-05
BGR,all_hazards,2094.502401554548,39.0,2042.1398415156843,6444366.0,0.00032501294953678114,0.0003168876257983616
BIH,Earthquake,547.4819973245194,41.31,565.4120327368975,3164253.0,0.00017302093016093194,0.00017868736562370248
BIH,Flood,1060.7951292189512,41.31,1095.5361697008718,3164253.0,0.00033524346163816583,0.0003462226850068158
BIH,all_hazards,1608.2771265434706,41.31,1660.9482024377692,3164253.0,0.0005082643917990977,0.0005249100506305182
BLR,Earthquake,120.12171554295406,39.11,117.44900737212333,9133712.0,1.3151467392770219e-05,1.2858847243281081e-05
BLR,Flood,4104.355234519626,39.11,4013.033330551564,9133712.0,0.0004493633294458623,0.00043936499536569186
BLR,all_hazards,4224.47695006258,39.11,4130.482337923687,9133712.0,0.00046251479683863254,0.00045222384260897285
BLZ,Earthquake,97.58964433353721,39.0,95.14990322519877,417072.0,0.0002339875233377863,0.00022813783525434163
BLZ,Flood,1218.0041731565718,39.0,1187.5540688276574,417072.0,0.0029203690805342285,0.0028473598535208727
BLZ,Storm surge,269.6944200210361,39.0,262.9520595205102,417072.0,0.0006466375590330592,0.0006304716200572328
BLZ,Tsunami,5.599551118961402,39.0,5.459562340987366,417072.0,1.3425862006947006e-05,1.309021545677333e-05
BLZ,Wind,129.52445150806105,39.0,126.2863402203595,417072.0,0.00031055657418398034,0.0003027926598293808
BLZ,all_hazards,1720.4122401381676,39.0,1677.4019341347134,417072.0,0.004124976599096002,0.004021852184118602
BOL,Earthquake,3889.3394339726706,37.52,3648.2003890663655,12413315.0,0.00031331996601815636,0.0002938941281250307
BOL,Flood,5201.42266211143,37.52,4878.934457060523,12413315.0,0.0004190196303011267,0.0003930404132224569
BOL,all_hazards,9090.762096084101,37.52,8527.134846126888,12413315.0,0.000732339596319283,0.0006869345413474876
BRA,Earthquake,8992.20934145336,38.86,8735.931375221939,211998573.0,4.241636730947882e-05,4.1207500841158674e-05
BRA,Flood,76362.00013370572,38.86,74185.6831298951,211998573.0,0.00036020053839563214,0.0003499348230513566
BRA,Tsunami,0.01676056650819562,38.86,0.016282890362712042,211998573.0,7.905980814406528e-11,7.680660361195941e-11
BRA,all_hazards,85354.22623572558,38.86,82921.6307880074,211998573.0,0.0004026169847649191,0.0003911424006991189
BTN,Earthquake,904.0865476190061,54.44,1230.4617913094673,791524.0,0.0011422098983972766,0.0015545476717186938
BTN,Flood,4104.586687760552,54.44,5586.342482042111,791524.0,0.0051856755926043335,0.007057704481534497
BTN,all_hazards,5008.673235379559,54.44,6816.804273351579,791524.0,0.00632788549100161,0.00861225215325319
BWA,Earthquake,361.61456510658263,43.42,392.5326104231955,2521139.0,0.00014343301385071693,0.00015569653653495325
BWA,Flood,248.29264665130594,43.42,269.52166793999265,2521139.0,9.848431468923607e-05,0.00010690472359516578
BWA,all_hazards,609.9072117578886,43.42,662.0542783631881,2521139.0,0.00024191732853995302,0.000262601260130119
CAN,Earthquake,4430.891738324848,35.2,3899.184729725867,41288599.0,0.00010731513894004608,9.443732226724057e-05
CAN,Flood,2288.319957111379,35.2,2013.7215622580138,41288599.0,5.542256246358418e-05,4.877185496795408e-05
CAN,Tsunami,1002.2800554591053,35.2,882.0064488040127,41288599.0,2.4274983403023803e-05,2.136198539466095e-05
CAN,all_hazards,7721.491750895333,35.2,6794.912740787894,41288599.0,0.00018701268480665408,0.00016457116262985562
CHE,Earthquake,1091.189683606066,35.21,960.5197189942395,9034102.0,0.00012078562801328411,0.00010632154905869333
CHE,Flood,136.2657487517535,35.21,119.94792533873104,9034102.0,1.5083485746757509e-05,1.3277238328583299e-05
CHE,all_hazards,1227.4554323578195,35.21,1080.4676443329706,9034102.0,0.0001358691137600416,0.00011959878738727664
CHL,Earthquake,27138.499065393982,39.43,26751.775453712115,19764771.0,0.0013730742979715768,0.0013535079892254818
CHL,Flood,2107.407093281743,39.43,2077.376542202478,19764771.0,0.00010662441235882485,0.0001051050144827116
CHL,Tsunami,832.6602934700924,39.43,820.7948842881435,19764771.0,4.2128507002185474e-05,4.152817577740433e-05
CHL,all_hazards,30078.566452145817,39.43,29649.94688020274,19764771.0,0.0015218272173325872,0.0015001411794855978
CHN,Earthquake,514357.2114767156,46.10000000000001,592796.6862269149,1408975000.0,0.0003650577274094399,0.0004207290308393796
CHN,Flood,312981.74396738317,46.10000000000001,360711.45992240915,1408975000.0,0.00022213434870553642,0.00025600983688313074
CHN,Storm surge,75928.99001754851,46.10000000000001,87508.16099522468,1408975000.0,5.388952253769479e-05,6.210767472469325e-05
CHN,Tsunami,33683.53916913998,46.10000000000001,38820.27889243383,1408975000.0,2.3906413647609063e-05,2.7552141728869448e-05
CHN,Wind,113963.95993372626,46.10000000000001,131343.46382361953,1408975000.0,8.08843023713879e-05,9.321915848302456e-05
CHN,all_hazards,1050915.4445645134,46.10000000000001,1211180.0498606018,1408975000.0,0.000745872314671668,0.0008596178426590975
CIV,Earthquake,1962.5238826761424,42.61,2090.5785660207607,31934230.0,6.145518093519532e-05,6.546513149121681e-05
CIV,Flood,9274.72265443502,42.61,9879.898307636904,31934230.0,0.0002904320114947196,0.00030938270024475
CIV,all_hazards,11237.246537111161,42.61,11970.476873657664,31934230.0,0.0003518871924299149,0.0003748478317359668
CMR,Earthquake,11349.819505844578,41.05489361702128,11649.140809621054,29123744.0,0.0003897101796336549,0.0003999877491582488
CMR,Flood,10332.124089249046,41.05489361702128,10604.60638304956,29123744.0,0.00035476634079907604,0.00036412235951014955
CMR,all_hazards,21681.943595093624,41.05489361702128,22253.747192670613,29123744.0,0.0007444765204327309,0.0007641101086683983
COD,Earthquake,148028.02740202358,36.32,134409.44888103742,109276265.0,0.0013546219520041574,0.001229996732419775
COD,Flood,465923.97974029026,36.32,423058.9736041835,109276265.0,0.004263725336332553,0.0038714626053899586
COD,all_hazards,613952.0071423138,36.32,557468.422485221,109276265.0,0.0056183472883367105,0.005101459337809733
COG,Earthquake,1382.2972854818245,41.05489361702128,1418.75170006384,6332961.0,0.00021827029812465678,0.00022402659673158258
COG,Flood,46622.10952898383,41.05489361702128,47851.643672838625,6332961.0,0.007361818512538421,0.007555966896502067
COG,all_hazards,48004.406814465656,41.05489361702128,49270.395372902465,6332961.0,0.007580088810663078,0.007779993493233649
COL,Earthquake,54684.0616578248,43.19,59045.115575036325,52886363.0,0.0010339917240636267,0.001116452564057701
COL,Flood,16585.686429247737,43.19,17908.39492198024,52886363.0,0.0003136098889849494,0.0003386202776314991
COL,Storm surge,351.75116858716365,43.19,379.80332428198994,52886363.0,6.651075033977353e-06,7.1814982679370475e-06
COL,Tsunami,352.6042433513512,43.19,380.72443175862145,52886363.0,6.667205369205503e-06,7.19891499739964e-06
COL,Wind,620.2438651074923,43.19,669.7083133498147,52886363.0,1.1727860074391811e-05,1.2663156915324556e-05
COL,all_hazards,72594.34736411854,43.19,78383.74656640699,52886363.0,0.0013726477535261508,0.0014821164118698613
COM,Earthquake,941.9120590032428,37.75,888.9295056843105,866628.0,0.0010868700976696378,0.0010257336546757208
COM,Storm surge,230.4685286463405,37.75,217.50467390998384,866628.0,0.000265937090246727,0.0002509781289203486
COM,Tsunami,1142.0712764406471,37.75,1077.8297671408607,866628.0,0.0013178333453807713,0.0012437052197031028
COM,Wind,554.9195178516245,37.75,523.7052949724706,866628.0,0.0006403203195045907,0.0006043023015324576
COM,all_hazards,2869.371381941855,37.75,2707.9692417076253,866628.0,0.0033109608528017268,0.0031247193048316293
CRI,Earthquake,703.2413740774479,42.47,746.6665289267303,5129910.0,0.00013708649354032484,0.00014555158451643992
CRI,Flood,515.4552698520687,42.47,547.2846327654339,5129910.0,0.00010048037292117575,0.00010668503594905835
CRI,Tsunami,66.49165455411125,42.47,70.59751422282761,5129910.0,1.2961563566244095e-05,1.3761940116459667e-05
CRI,Wind,301.216576864147,42.47,319.816700485508,5129910.0,5.871771178522566e-05,6.234353048796334e-05
CRI,all_hazards,1586.4048753477748,42.47,1684.3653764004998,5129910.0,0.0003092461418129704,0.00032834209106992127
CYP,Earthquake,977.6598646606902,37.96,927.799211562995,1358282.0,0.0007197767949959509,0.0006830681784511574
CYP,Flood,1.9971914815209182,37.96,1.8953347159633513,1358282.0,1.4703805848276855e-06,1.3953911750014735e-06
CYP,Tsunami,196.83084844293646,37.96,186.7924751723467,1358282.0,0.00014491162250765044,0.00013752112975976027
CYP,all_hazards,1176.4879045851476,37.96,1116.487021451305,1358282.0,0.000866158798088429,0.0008219846993859192
CZE,Earthquake,1827.6466065048355,37.76,1725.2983965405645,10882164.0,0.00016794882033617904,0.000158543686397353
CZE,Flood,461.7326532478417,37.76,435.87562466596256,10882164.0,4.243022373563215e-05,4.005413120643675e-05
CZE,all_hazards,2289.379259752677,37.76,2161.174021206527,10882164.0,0.00021037904407181118,0.00019859781760378975
DEU,Earthquake,7222.804579171461,33.6,6067.155846504027,83510950.0,8.648931163124669e-05,7.265102177024722e-05
DEU,Flood,459.4113655942398,33.6,385.9055470991614,83510950.0,5.501211105780018e-06,4.621017328855215e-06
DEU,all_hazards,7682.215944765701,33.6,6453.06139360319,83510950.0,9.199052273702671e-05,7.727203909910244e-05
DNK,Earthquake,193.47283872085967,33.15,160.34061508991243,5976992.0,3.236959974529992e-05,2.6826305788917307e-05
DNK,Flood,21.3052607257764,33.15,17.656734826487188,5976992.0,3.564545631946036e-06,2.9541171924752765e-06
DNK,all_hazards,214.77809944663608,33.15,177.99734991639963,5976992.0,3.593414537724596e-05,2.9780422981392583e-05
DOM,Earthquake,4692.5604943955095,40.6,4762.948901811442,11427557.0,0.00041063549229249167,0.00041679502467687905
DOM,Flood,686.8481254372662,40.6,697.1508473188252,11427557.0,6.01045460055256e-05,6.1006114195608493e-05
DOM,Storm surge,889.1241248236684,40.6,902.4609866960234,11427557.0,7.780526711209301e-05,7.897234611877442e-05
DOM,Tsunami,2536.5090656844773,40.6,2574.5567016697446,11427557.0,0.00022196424534871954,0.00022529370902895032
DOM,Wind,6305.754088087611,40.6,6400.340399408926,11427557.0,0.0005518024620737058,0.0005600794990048114
DOM,all_hazards,15110.795898428532,40.6,15337.457836904961,11427557.0,0.0013223120128325356,0.0013421466930250237
DZA,Earthquake,19086.566926451684,43.7,20852.074367148467,46814308.0,0.0004077079795017302,0.0004454209676056403
DZA,Flood,2212.547327283567,43.7,2417.207955057297,46814308.0,4.7262202984685086e-05,5.163395676076846e-05
DZA,Tsunami,80.99488274433823,43.7,88.48690939818951,46814308.0,1.7301309408298468e-06,1.8901680528566077e-06
DZA,all_hazards,21380.10913647959,43.7,23357.769231603954,46814308.0,0.00045670031342724514,0.0004989450924192654
ECU,Earthquake,34109.15750853701,38.35,32702.154761309863,18135478.0,0.001880797269778994,0.0018032143824006108
ECU,Flood,19706.42327187053,38.35,18893.53331190587,18135478.0,0.0010866227662634825,0.0010417995771551138
ECU,Tsunami,1121.8488227484113,38.35,1075.5725588100393,18135478.0,6.18593467869119e-05,5.930764873195177e-05
ECU,all_hazards,54937.42960315596,38.35,52671.26063202578,18135478.0,0.0030292793828293886,0.0029043216082876764
EGY,Earthquake,4070.585601728109,44.44,4522.4206035199295,116538258.0,3.492917837958509e-05,3.8806317179719034e-05
EGY,Flood,550.8195104623018,44.44,611.9604761236172,116538258.0,4.726512305189097e-06,5.251155171065087e-06
EGY,Tsunami,843.9422224613876,44.44,937.6198091546015,116538258.0,7.24176109154976e-06,8.045596572711783e-06
EGY,all_hazards,5465.3473346517985,44.44,6072.000888798148,116538258.0,4.689745177632395e-05,5.2103068923495904e-05
ESP,Earthquake,8401.321162714186,36.56,7678.807542720768,48807137.0,0.00017213304608943128,0.0001573296041257402
ESP,Flood,2063.5469755490367,36.56,1886.0819356518198,48807137.0,4.227961528554803e-05,3.86435683709909e-05
ESP,Tsunami,1456.9539409943889,36.56,1331.6559020688715,48807137.0,2.9851247799976237e-05,2.7284040489178282e-05
ESP,all_hazards,11921.822079257612,36.56,10896.54538044146,48807137.0,0.0002442639091749555,0.0002232572129859094
EST,Earthquake,88.26078447940958,36.39,80.29524868014286,1371986.0,6.433067427758707e-05,5.852483092403484e-05
EST,Flood,29.578639747576688,36.39,26.90916751035789,1371986.0,2.15589953159702e-05,1.9613295988703887e-05
EST,all_hazards,117.83942422698627,36.39,107.20441619050075,1371986.0,8.588966959355727e-05,7.813812691273873e-05
ETH,Earthquake,34346.53551958779,31.92,27408.535344631062,132059767.0,0.0002600832660835135,0.00020754644633464377
ETH,Flood,53319.390940839774,31.92,42548.87397079014,132059767.0,0.0004037519689160119,0.0003221940711949775
ETH,all_hazards,87665.92646042757,31.92,69957.4093154212,132059767.0,0.0006638352349995254,0.0005297405175296213
FIN,Earthquake,288.84132476173005,34.34,247.97027730794525,5637214.0,5.123831111640077e-05,4.3988090093430064e-05
FIN,all_hazards,288.84132476173005,34.34,247.97027730794525,5637214.0,5.123831111640077e-05,4.3988090093430064e-05
FRA,Earthquake,8420.171450522947,35.83,7542.3685768059295,68516699.0,0.00012289225215772503,0.0001100807348702822
FRA,Flood,1438.9572491879537,35.83,1288.9459559601096,68516699.0,2.1001555389992647e-05,1.8812143240585912e-05
FRA,Storm surge,858.1552180423478,35.83,768.692536561433,68516699.0,1.2524760103261071e-05,1.1219053862496105e-05
FRA,Tsunami,598.3051136638707,35.83,535.9318055644121,68516699.0,8.732252463941244e-06,7.82191514457537e-06
FRA,Wind,542.0725791099251,35.83,485.56151273771536,68516699.0,7.911539624959532e-06,7.086761619057499e-06
FRA,all_hazards,11857.661610527044,35.83,10621.5003876296,68516699.0,0.00017306235973987952,0.00015502060873699708
GAB,Earthquake,73.55087402247321,41.05489361702128,75.49058271078928,2538952.0,2.896898957620042e-05,2.9732969631087664e-05
GAB,Flood,815.6508698668097,41.05489361702128,837.1614922753184,2538952.0,0.0003212549389932577,0.0003297271836077714
GAB,all_hazards,889.2017438892829,41.05489361702128,912.6520749861077,2538952.0,0.0003502239285694581,0.000359460153238859
GBR,Earthquake,24774.97119971378,35.08,21727.649742148984,69226000.0,0.0003578853494310487,0.00031386545145102975
GBR,Flood,448.2420976173609,35.08,393.1083196104255,69226000.0,6.475054135980136e-06,5.678622477254579e-06
GBR,Storm surge,0.5495726521887844,35.08,0.48197521596956383,69226000.0,7.938818539115135e-09,6.962343858803973e-09
GBR,Tsunami,483.8603563795877,35.08,424.3455325448984,69226000.0,6.989575540686848e-06,6.129857749182365e-06
GBR,Wind,0.7529669995438362,35.08,0.6603520585999443,69226000.0,1.0876939293673419e-08,9.539075760551589e-09
GBR,all_hazards,25708.37619336246,35.08,22546.245921578877,69226000.0,0.0003713687948655485,0.00032569043309708603
GEO,Earthquake,10964.748976162138,40.5,11101.808338364164,3673850.0,0.0029845391009872854,0.003021845839749626
GEO,Flood,1558.0073192850468,40.5,1577.4824107761099,3673850.0,0.0004240802752657422,0.0004293812787065639
GEO,all_hazards,12522.756295447187,40.5,12679.290749140277,3673850.0,0.003408619376253028,0.003451227118456191
GHA,Earthquake,2322.478845478734,35.7,2072.8123695897702,34427414.0,6.746015967039332e-05,6.0208192505826035e-05
GHA,Flood,4963.292906221229,35.7,4429.738918802447,34427414.0,0.0001441668812598364,0.00012866894152440398
GHA,all_hazards,7285.771751699963,35.7,6502.551288392217,34427414.0,0.0002116270409302297,0.00018887713403023003
GIN,Earthquake,821.5213907331746,41.05489361702128,843.1868325164463,14754785.0,5.567830305444468e-05,5.7146670216912437e-05
GIN,Flood,7799.952493741197,41.05489361702128,8005.655496209116,14754785.0,0.0005286388445335663,0.0005425802881037654
GIN,Tsunami,0.001265755432335915,41.05489361702128,0.001299136365492944,14754785.0,8.578609802419452e-11,8.804847820506663e-11
GIN,all_hazards,8621.475150229804,41.05489361702128,8848.84362786193,14754785.0,0.0005843172333741091,0.0005997270463691562
GMB,Earthquake,60.01440756516905,41.57,62.36997306210194,2759988.0,2.1744445108155924e-05,2.2597914578651047e-05
GMB,Flood,270.3530889371934,41.57,280.9644476779782,2759988.0,9.795444361975247e-05,0.00010179915553182775
GMB,Tsunami,4.01185867001743,41.57,4.169324122815614,2759988.0,1.4535783017960332e-06,1.5106312501415274e-06
GMB,all_hazards,334.37935517237986,41.57,347.5037448628958,2759988.0,0.00012115246702970443,0.00012590770136062035
GRC,Earthquake,38578.95364313775,39.81,38395.703613332844,10388805.0,0.0037135121549723717,0.0036958729722362527
GRC,Flood,754.9202513693363,39.81,751.334380175332,10388805.0,7.266670722660944e-05,7.232154036728305e-05
GRC,Tsunami,945.3710020173096,39.81,940.8804897577274,10388805.0,9.099901307391077e-05,9.056676776180971e-05
GRC,all_hazards,40279.2448965244,39.81,40087.91848326591,10388805.0,0.003877177875272892,0.003858761280365346
GTM,Earthquake,14445.762673006318,41.36,14936.918603888533,18406359.0,0.0007848245637828926,0.0008115085989515108
GTM,Flood,14198.828360868501,41.36,14681.58852513803,18406359.0,0.0007714088571709648,0.0007976367583147775
GTM,Storm surge,463.1791369286552,41.36,478.9272275842295,18406359.0,2.5164082528687787e-05,2.6019661334663172e-05
GTM,Tsunami,270.8727468171887,41.36,280.08242020897313,18406359.0,1.4716259028588366e-05,1.521661183556037e-05
GTM,Wind,2604.428410318549,41.36,2692.97897626938,18406359.0,0.00014149612154791446,0.00014630698968054356
GTM,all_hazards,31983.07132793921,41.36,33070.49575308915,18406359.0,0.0017376098840590477,0.0017966886201170556
HND,Earthquake,26735.581068796288,45.12,30157.735445602208,10825703.0,0.002469639252877738,0.002785753077246088
HND,Flood,17210.231667902204,45.12,19413.141321393683,10825703.0,0.0015897564959894248,0.001793245327476071
HND,Storm surge,6804.889278743112,45.12,7675.91510642223,10825703.0,0.0006285863632821916,0.0007090454177823122
HND,Tsunami,14.928685515891399,45.12,16.8395572619255,10825703.0,1.3790037945703294e-06,1.5555162802753316e-06
HND,Wind,2544.925000650059,45.12,2870.675400733266,10825703.0,0.0002350817310109153,0.0002651721925803124
HND,all_hazards,53310.555701607555,45.12,60134.30683141332,10825703.0,0.00492444284695484,0.00555477153136506
HRV,Earthquake,3487.526663167441,37.8,3295.7126966932315,3866300.0,0.0009020320883447846,0.0008524203234858215
HRV,Flood,453.63897220779165,37.8,428.6888287363631,3866300.0,0.00011733155011452595,0.00011087831485822702
HRV,Tsunami,7.199372937086786,37.8,6.803407425547013,3866300.0,1.8620833709455517e-06,1.7596687855435461e-06
HRV,all_hazards,3948.3650083123193,37.8,3731.2049328551416,3866300.0,0.0010212257218302561,0.000965058307129592
HTI,Earthquake,109093.71056256385,41.95,114412.02895248884,11772557.0,0.009266781257679522,0.009718536843991397
HTI,Flood,91746.30576222576,41.95,96218.93816813428,11772557.0,0.007793235213235813,0.00817315542988106
HTI,Storm surge,247106.3962450304,41.95,259152.83306197566,11772557.0,0.02099003608519631,0.02201330034434963
HTI,Tsunami,4635.971877106066,41.95,4861.975506114987,11772557.0,0.0003937948125548312,0.00041299230966687926
HTI,Wind,20233.909471632425,41.95,21220.312558374506,11772557.0,0.0017187353156695206,0.0018025236623084098
HTI,all_hazards,472816.2939185585,41.95,495866.08824708825,11772557.0,0.04016258268433599,0.04212050859019738
HUN,Earthquake,2745.1294166644443,37.38,2565.3234398729232,9562314.0,0.00028707794124564875,0.00026827433609405877
HUN,Flood,2120.573291109099,37.38,1981.6757405414533,9562314.0,0.00022176361193630527,0.0002072380953544773
HUN,all_hazards,4865.702707773543,37.38,4546.9991804143765,9562314.0,0.0005088415531819539,0.00047551243144853606
IDN,Earthquake,303698.5393961407,38.36,291246.899280899,283487931.0,0.001071292659002618,0.0010273696599835107
IDN,Flood,98648.31834191401,38.36,94603.73728989554,283487931.0,0.0003479806635645241,0.00033371345635837857
IDN,Storm surge,156.5964534386281,38.36,150.17599884764434,283487931.0,5.523919585791047e-07,5.297438882773614e-07
IDN,Tsunami,161607.92506838497,38.36,154982.0001405812,283487931.0,0.0005700698597584565,0.0005466969955083597
IDN,Wind,4758.488285786125,38.36,4563.390266068894,283487931.0,1.6785505714478282e-05,1.6097299980184673e-05
IDN,all_hazards,568869.8675456644,38.36,545546.2029762922,283487931.0,0.002006681079998656,0.001924407155718711
IND,Earthquake,451690.80830777937,45.720000000000006,516282.59389579186,1450935791.0,0.0003113099911860809,0.0003558273199256905
IND,Flood,418269.1596577555,45.720000000000006,478081.64948881464,1450935791.0,0.00028827544420106975,0.0003294988327218228
IND,Storm surge,8932.326141077689,45.720000000000006,10209.648779251798,1450935791.0,6.156251845522011e-06,7.036595859431658e-06
IND,Tsunami,39871.876053648186,45.720000000000006,45573.55432931988,1450935791.0,2.748011062995977e-05,3.140976645004402e-05
IND,Wind,174004.75639369257,45.720000000000006,198887.43655799064,1450935791.0,0.00011992588333200237,0.00013707528464847874
IND,all_hazards,1092768.9265539534,45.720000000000006,1249034.8830511689,1450935791.0,0.0007531476811946349,0.0008608477996054678
IRL,Earthquake,171.58165934811439,34.76,149.10446197351138,5380257.0,3.1890978320945334e-05,2.7713260160901493e-05
IRL,Flood,21.369522930491645,34.76,18.570115426597237,5380257.0,3.971840551574329e-06,3.4515294393180914e-06
IRL,Tsunami,12.003304010422674,34.76,10.430871185057303,5380257.0,2.230990826353216e-06,1.9387310281009444e-06
IRL,all_hazards,204.9544862890287,34.76,178.1054485851659,5380257.0,3.809380969887288e-05,3.310352062832052e-05
IRN,Earthquake,112009.04630941962,46.84,131162.59322833037,91567738.0,0.001223237012903165,0.001432410542109606
IRN,Flood,55958.036515947766,46.84,65526.860760174844,91567738.0,0.0006111108315894815,0.000715610783791283
IRN,Tsunami,600.4043635515766,46.84,703.0735097188962,91567738.0,6.556942179259431e-06,7.678179291912793e-06
IRN,Wind,52.602297161296164,46.84,61.597289975877814,91567738.0,5.7446321499496e-07,6.726964247590982e-07
IRN,all_hazards,168620.08948608028,46.84,197454.12478820002,91567738.0,0.001841479249886901,0.0021563722016175613
IRQ,Earthquake,6024.840608496654,31.72,4777.698602537846,46042015.0,0.0001308552766097803,0.00010376823435155578
IRQ,Flood,2322.276362719632,31.72,1841.565155636668,46042015.0,5.0438200037935605e-05,3.9997492630082936e-05
IRQ,all_hazards,8347.116971216285,31.72,6619.263758174513,46042015.0,0.00018129347664771589,0.0001437657269816387
ISL,Earthquake,240.66434394406133,36.32,218.5232243012077,404610.0,0.0005948057238922946,0.0005400835972942036
ISL,all_hazards,240.66434394406133,36.32,218.5232243012077,404610.0,0.0005948057238922946,0.0005400835972942036
ISR,Earthquake,2393.3229033877496,38.48,2302.376633059015,9974400.0,0.00023994655351577534,0.00023082858448217588
ISR,Flood,15.55989514601005,38.48,14.968619130461667,9974400.0,1.5599830712634393e-06,1.5007037145554285e-06
ISR,Tsunami,81.25371382688917,38.48,78.16607270146737,9974400.0,8.146225720533483e-06,7.836669143153209e-06
ISR,all_hazards,2490.1365123606492,38.48,2395.5113248909447,9974400.0,0.0002496527623075723,0.0002401659573398846
ITA,Earthquake,100275.71589509476,36.09,90473.76466634925,58986023.0,0.0016999911300189668,0.0015338169970596127
ITA,Flood,2328.295872781372,36.09,2100.7049512169933,58986023.0,3.947199275973178e-05,3.5613605467468005e-05
ITA,Tsunami,5113.634810093174,36.09,4613.777007406567,58986023.0,8.669231370443763e-05,7.821814003982887e-05
ITA,all_hazards,107717.64657796931,36.09,97188.24662497282,58986023.0,0.0018261554364831362,0.0016476487425669097
JOR,Earthquake,3884.8963930079813,48.79,4738.602375371485,11552876.0,0.0003362709331432261,0.00041016647070145004
JOR,Flood,121.3665021616456,48.79,148.03679101166722,11552876.0,1.0505306398306846e-05,1.2813847479334775e-05
JOR,all_hazards,4006.2628951696265,48.79,4886.639166383152,11552876.0,0.0003467762395415329,0.00042298031818078477
JPN,Earthquake,34345.01159205532,36.6,31425.685606730618,123975371.0,0.00027703092408616647,0.0002534832955388423
JPN,Flood,230.13610433683587,36.6,210.57453546820483,123975371.0,1.8563050263978308e-06,1.6985190991540152e-06
JPN,Storm surge,0.43482184940952184,36.6,0.3978619922097125,123975371.0,3.507324445994373e-09,3.2092018680848514e-09
JPN,Tsunami,23918.776329712586,36.6,21885.680341687017,123975371.0,0.00019293167777422973,0.0001765324851634202
JPN,Wind,31855.51061573432,36.6,29147.792213396904,123975371.0,0.0002569503148793507,0.00023510953811460588
JPN,all_hazards,90349.86946368848,36.6,82670.13055927496,123975371.0,0.0007287727290905907,0.0006668270471178905
KAZ,Earthquake,9930.377890106492,38.0,9433.858995601167,20592571.0,0.0004822310866431633,0.0004581195323110051
KAZ,Flood,9819.928265619588,38.0,9328.931852338608,20592571.0,0.00047686752011779336,0.0004530241441119037
KAZ,all_hazards,19750.30615572608,38.0,18762.790847939777,20592571.0,0.0009590986067609567,0.0009111436764229089
KEN,Earthquake,18344.65110073844,39.56,18142.859938630318,56432944.0,0.0003250698935844715,0.0003214941247550423
KEN,Flood,24018.975588965848,39.56,23754.766857487226,56432944.0,0.0004256197512744656,0.00042093793401044654
KEN,Tsunami,4678.62272131781,39.56,4627.157871383314,56432944.0,8.2905877129462e-05,8.199391248103793e-05
KEN,all_hazards,47042.2494110221,39.56,46524.78466750086,56432944.0,0.0008335955219883992,0.0008244259712465269
KOR,Earthquake,3524.9957599945346,37.88,3338.1709847148245,51751065.0,6.811445832070382e-05,6.450439202970653e-05
KOR,Flood,319.4088880812064,37.88,302.4802170129025,51751065.0,6.1720254081960705e-06,5.8449080615616795e-06
KOR,Storm surge,9324.339492982515,37.88,8830.149499854442,51751065.0,0.0001801767653087432,0.00017062739674737984
KOR,Tsunami,1155.5006164768815,37.88,1094.259083803607,51751065.0,2.232805482315932e-05,2.114466791753188e-05
KOR,Wind,12616.390969891281,37.88,11947.722248487044,51751065.0,0.00024378997746019875,0.00023086910865480824
KOR,all_hazards,26940.63572742642,37.88,25512.78203387282,51751065.0,0.0005205812813210012,0.0004929904734109882
LAO,Earthquake,3888.141218526376,41.53,4036.8626201350103,7769819.0,0.0005004159322792946,0.0005195568416889776
LAO,Flood,45874.24667745613,41.53,47628.936612868834,7769819.0,0.00590415898715995,0.006129993068418819
LAO,Wind,1018.1252087744091,41.53,1057.0684980100302,7769819.0,0.00013103589784709387,0.0001360480209397452
LAO,all_hazards,50780.513104756916,41.53,52722.867731013874,7769819.0,0.006535610817286337,0.006785597931047541
LBN,Earthquake,12165.658905646262,47.57,14468.009853539817,5805962.0,0.002095373498077711,0.0024919229325889177
LBN,Flood,43.86986695669994,47.57,52.172239278255404,5805962.0,7.556003114849862e-06,8.9859767043352e-06
LBN,Tsunami,2273.1646621750638,47.57,2703.3610744916946,5805962.0,0.00039152248364268726,0.0004656181136720658
LBN,all_hazards,14482.693434778026,47.57,17223.54316730977,5805962.0,0.002494451984835248,0.002966527022965319
LBR,Earthquake,2737.3033727881993,47.64999999999999,3260.812642833942,5612817.0,0.0004876879778528677,0.0005809583036172286
LBR,Flood,13983.781735789666,47.64999999999999,16658.179992759437,5612817.0,0.0024914016857826766,0.002967882258188613
LBR,Tsunami,41.758457896077374,47.64999999999999,49.74476296870216,5612817.0,7.439839548675357e-06,8.862708862359518e-06
LBR,all_hazards,16762.84356647394,47.64999999999999,19968.73739856208,5612817.0,0.0029865295031842195,0.003557703270668201
LKA,Earthquake,590.3293873426849,41.89,618.2224508946267,21916000.0,2.6936000517552697e-05,2.820872654200706e-05
LKA,Flood,12358.309675877941,41.89,12942.239808063174,21916000.0,0.0005638944002499517,0.0005905384106617619
LKA,Storm surge,978.8802446095459,41.89,1025.1323361673471,21916000.0,4.466509603073307e-05,4.677552181818521e-05
LKA,Tsunami,8667.537723913048,41.89,9077.078881367941,21916000.0,0.00039548903649904403,0.0004141758934736239
LKA,Wind,2034.8000577549417,41.89,2130.9443604838625,21916000.0,9.284541238159069e-05,9.723235811662085e-05
LKA,all_hazards,24629.857089498164,41.89,25793.617836976955,21916000.0,0.0011238299456788723,0.001176930910612199
LSO,Earthquake,1245.283247020332,49.26,1533.5663187055388,2337423.0,0.0005327590457612217,0.0006560927648549445
LSO,Flood,872.652593947852,49.26,1074.6716694467798,2337423.0,0.000373339611164882,0.00045976773114955223
LSO,all_hazards,2117.935840968184,49.26,2608.2379881523184,2337423.0,0.0009060986569261037,0.0011158604960044966
LTU,Earthquake,60.25996348790374,38.63,58.19605973844305,2888055.0,2.0865240962482966e-05,2.0150606459517928e-05
LTU,Flood,176.78667154865457,38.63,170.73172804811315,2888055.0,6.121305568926304e-05,5.911650853190578e-05
LTU,all_hazards,237.0466350365583,38.63,228.9277877865562,2888055.0,8.207829665174601e-05,7.92671149914237e-05
LVA,Earthquake,170.63658526993052,38.55,164.45100905389552,1862441.0,9.161986085461527e-05,8.829864089863546e-05
LVA,Flood,838.1343226471092,38.55,807.7519534511514,1862441.0,0.0004500192610918194,0.00043370606287724086
LVA,all_hazards,1008.7709079170397,38.55,972.2029625050469,1862441.0,0.0005416391219464346,0.0005220047037758763
MAR,Earthquake,41008.68827527547,44.0,45109.55710280301,38081173.0,0.0010768756591419983,0.0011845632250561979
MAR,Flood,4830.395078623178,44.0,5313.434586485496,38081173.0,0.00012684470298809277,0.00013952917328690205
MAR,Tsunami,2053.3301110599373,44.0,2258.663122165931,38081173.0,5.391982308580508e-05,5.931180539438559e-05
MAR,all_hazards,47892.41346495858,44.0,52681.654811454435,38081173.0,0.0012576401852158962,0.0013834042037374856
MDA,Earthquake,134.54598604152403,39.41,132.56143274741154,2389275.0,5.6312473884975164e-05,5.548186489517178e-05
MDA,Flood,5873.2568947299105,39.41,5786.626355532644,2389275.0,0.0024581753438720575,0.0024219172575499445
MDA,all_hazards,6007.8028807714345,39.41,5919.187788280055,2389275.0,0.002514487817757033,0.0024773991224451165
MDG,Earthquake,4112.322336949018,35.04,3602.3943671673396,31964956.0,0.00012865096191432324,0.00011269824263694715
MDG,Flood,55851.7767907999,35.04,48926.15646874071,31964956.0,0.001747281516383126,0.0015306186083516183
MDG,Storm surge,3700.998175083942,35.04,3242.074401373533,31964956.0,0.00011578298981809774,0.00010142589908065361
MDG,Tsunami,2099.9188614534273,35.04,1839.5289226332025,31964956.0,6.569440800899046e-05,5.7548301415875635e-05
MDG,Wind,18631.300933157283,35.04,16321.019617445778,31964956.0,0.0005828664657995238,0.0005105910240403828
MDG,all_hazards,84396.31709744356,35.04,73931.17377736056,31964956.0,0.002640276341924061,0.0023128820755254774
MEX,Earthquake,23673.362211042102,42.14,24939.887089332853,130861007.0,0.00018090463120952526,0.00019058302897923484
MEX,Flood,32622.50837648151,42.14,34367.81257462327,130861007.0,0.0002492912833574749,0.0002626283670170998
MEX,Storm surge,10352.50391196414,42.14,10906.362871254223,130861007.0,7.911068506422345e-05,8.334310671515942e-05
MEX,Tsunami,1711.4843696172109,42.14,1803.0487833917316,130861007.0,1.3078642819989998e-05,1.3778350210859462e-05
MEX,Wind,20578.78089601808,42.14,21679.745673955047,130861007.0,0.00015725678235089602,0.00016567002020666894
MEX,all_hazards,88938.63976512305,42.14,93696.85699255714,130861007.0,0.0006796420248021097,0.0007160028731290226
MKD,Earthquake,1149.6198057364584,39.02,1121.4541204959153,1792179.0,0.0006414648345597501,0.0006257489461130363
MKD,Flood,457.15413387543526,39.02,445.9538575954872,1792179.0,0.0002550828538195321,0.00024883332390095365
MKD,all_hazards,1606.7739396118936,39.02,1567.4079780914024,1792179.0,0.0008965476883792822,0.0008745822700139898
MLI,Earthquake,1129.1828308659021,41.89,1182.536719624316,24478595.0,4.612939716784816e-05,4.8309011184028985e-05
MLI,Flood,10541.013559571651,41.89,11039.076450261411,24478595.0,0.00043062167414313,0.0004509685482463929
MLI,all_hazards,11670.196390437553,41.89,12221.613169885728,24478595.0,0.00047675107131097815,0.0004992775594304219
MLT,Earthquake,162.6530401591438,37.64,153.05651078975433,574346.0,0.00028319695820836887,0.00026648833767407506
MLT,all_hazards,162.6530401591438,37.64,153.05651078975433,574346.0,0.00028319695820836887,0.00026648833767407506
MMR,Earthquake,49417.10317626815,44.64999999999999,55161.841420509314,54500091.0,0.000906734324099902,0.0010121421892765154
MMR,Flood,537562.6726751674,44.64999999999999,600054.3333736556,54500091.0,0.009863518809081758,0.01101015287063751
MMR,Storm surge,182.65079009965467,44.64999999999999,203.8839444487395,54500091.0,3.35138504813973e-06,3.740983559985973e-06
MMR,Tsunami,4596.629530419833,44.64999999999999,5130.9877133311375,54500091.0,8.434168541883413e-05,9.414640634877357e-05
MMR,Wind,16147.253296993575,44.64999999999999,18024.371492769074,54500091.0,0.00029627938230403276,0.0003307218604968765
MMR,all_hazards,607906.3094689487,44.64999999999999,678575.4179447138,54500091.0,0.011154225585952669,0.012450904310319663
MNE,Earthquake,172.26927309208207,43.49,187.29976716936625,623831.0,0.00027614734293756173,0.00030024119860886403
MNE,Flood,205.7376217535719,43.49,223.68822925157104,623831.0,0.00032979704720280314,0.0003585718395712477
MNE,Tsunami,2.4207680099430413,43.49,2.6319800188105718,623831.0,3.880486878566537e-06,4.219059358721467e-06
MNE,all_hazards,380.427662855597,43.49,413.6199764397479,623831.0,0.0006098248770189315,0.0006630320975388333
MNG,Earthquake,283.2067863084844,47.220000000000006,334.3256112371659,3524788.0,8.034718295355193e-05,9.484984947666807e-05
MNG,Flood,2189.400531300827,47.220000000000006,2584.5873272006265,3524788.0,0.0006211438904413051,0.0007332603626659607
MNG,all_hazards,2472.6073176093114,47.220000000000006,2918.9129384377925,3524788.0,0.0007014910733948571,0.0008281102121426288
MOZ,Earthquake,20969.478369791155,37.23,19517.341992683116,34631766.0,0.0006054983846273146,0.000563567621491873
MOZ,Flood,11648.760200843626,37.23,10842.083556935204,34631766.0,0.00033636055986413244,0.00031306759109354124
MOZ,Storm surge,1481.3236243531078,37.23,1378.741963366655,34631766.0,4.27735514369411e-05,3.9811482999932925e-05
MOZ,Tsunami,1822.9648701197773,37.23,1696.7245528639826,34631766.0,5.263851892854027e-05,4.899330149273885e-05
MOZ,Wind,2888.3977671766115,37.23,2688.376221799631,34631766.0,8.34031324644724e-05,7.762746554130769e-05
MOZ,all_hazards,38810.924832284276,37.23,36123.268287648585,34631766.0,0.0011206741473214006,0.0010430674626193935
MRT,Earthquake,545.3032868962584,47.59,648.7745855848235,5169395.0,0.0001054868677855452,0.0001255030009478524
MRT,Flood,4806.390752174514,47.59,5718.403397399628,5169395.0,0.0009297781949675957,0.001106203607462697
MRT,Tsunami,0.7615296837941847,47.59,0.9060299412941314,5169395.0,1.4731505017399226e-07,1.752680809445073e-07
MRT,all_hazards,5352.455568754566,47.59,6368.084012925746,5169395.0,0.0010354123778033148,0.0012318818764914937
MUS,Storm surge,424.91152026398197,40.28,427.8859009058298,1259509.0,0.0003373628296931439,0.0003397243695009959
MUS,Tsunami,229.80124530602396,40.28,231.40985402316613,1259509.0,0.00018245303948286512,0.00018373021075924518
MUS,Wind,319.1848069759194,40.28,321.41910062475085,1259509.0,0.0002534200287381189,0.00025519396893928576
MUS,all_hazards,973.8975725459254,40.28,980.7148555537469,1259509.0,0.000773235897914128,0.000778648549199527
MWI,Earthquake,8615.420997026513,30.92,6659.720430701495,21655286.0,0.00039784378728715533,0.0003075332475729711
MWI,Flood,3755.662666918178,30.92,2903.1272415277517,21655286.0,0.0001734293727138112,0.00013406090510777608
MWI,all_hazards,12371.08366394469,30.92,9562.847672229245,21655286.0,0.0005712731600009665,0.00044159415268074713
MYS,Earthquake,638.1179732131601,44.7,713.0968350657065,35557673.0,1.794599925628317e-05,2.0054654168896442e-05
MYS,Flood,3093.2533242833483,44.7,3456.710589886642,35557673.0,8.69925690661295e-05,9.721419593139973e-05
MYS,Tsunami,218.62620196310456,44.7,244.31478069376936,35557673.0,6.148495768075278e-06,6.870944020824123e-06
MYS,Wind,274.87981160241316,44.7,307.17818946569673,35557673.0,7.730534323840965e-06,8.63887210689228e-06
MYS,all_hazards,4224.877311062026,44.7,4721.300395111814,35557673.0,0.00011881759841432891,0.00013277866622801257
NAM,Earthquake,166.28561364094662,44.91,186.6971727153728,3030131.0,5.487736788968748e-05,6.161356479814661e-05
NAM,Flood,290.8242751959597,44.91,326.5229549762637,3030131.0,9.597745945503995e-05,0.0001077586926031461
NAM,all_hazards,457.1098888369063,44.91,513.2201276916364,3030131.0,0.00015085482734472744,0.0001693722574012927
NER,Earthquake,40.41501383540675,39.74,40.152316245476605,27032412.0,1.4950576306474888e-06,1.4853397560482802e-06
NER,Flood,125169.91915228224,39.74,124356.31467779241,27032412.0,0.004630364436302696,0.004600267067466729
NER,all_hazards,125210.33416611764,39.74,124396.46699403788,27032412.0,0.004631859493933343,0.004601752407222777
NGA,Earthquake,44287.21556631719,43.42,48073.77249723731,232679478.0,0.000190335718246356,0.00020660942215641945
NGA,Flood,150757.1168761594,43.42,163646.85036907103,232679478.0,0.0006479175480880156,0.0007033144984495411
NGA,all_hazards,195044.3324424766,43.42,211720.62286630837,232679478.0,0.0008382532663343717,0.0009099239206059607
NIC,Earthquake,3605.0723910986308,36.45,3285.1222163886277,6916140.0,0.0005212549762003995,0.0004749935970626141
NIC,Flood,7154.161757577855,36.45,6519.22990159282,6916140.0,0.0010344154047746076,0.0009426110376008612
NIC,Storm surge,142.21181068818603,36.45,129.59051248960952,6916140.0,2.0562309422334716e-05,1.8737404461102513e-05
NIC,Tsunami,77.56461362979314,36.45,70.68075417014902,6916140.0,1.1215014969302695e-05,1.0219682390777084e-05
NIC,Wind,805.3429942611092,36.45,733.8688035204358,6916140.0,0.00011644399827954743,0.0001061095934322376
NIC,all_hazards,11784.353567255574,36.45,10738.492188161643,6916140.0,0.0017038917036461918,0.0015526713149475926
NLD,Earthquake,4105.927058285117,31.23,3205.702550756105,17994237.0,0.00022818011446026397,0.0001781516243648511
NLD,Flood,9.793169533314959,31.23,7.646017113135654,17994237.0,5.442392213304159e-07,4.2491477205372223e-07
NLD,Storm surge,0.10617842408260568,31.23,0.08289880460249438,17994237.0,5.900690542344512e-09,4.606964140935477e-09
NLD,Wind,8.365663593720624,31.23,6.531491850797377,17994237.0,4.6490793656439137e-07,3.629768714726486e-07
NLD,all_hazards,4124.192069836235,31.23,3219.9629585246403,17994237.0,0.00022919516230870108,0.00017894412297251837
NOR,Earthquake,77.14908261699732,33.24,64.11088765472478,5572272.0,1.3845175292411663e-05,1.1505340667994093e-05
NOR,all_hazards,77.14908261699732,33.24,64.11088765472478,5572272.0,1.3845175292411663e-05,1.1505340667994093e-05
NPL,Earthquake,17299.70005754456,41.04,17749.49225904072,29651054.0,0.0005834430053496433,0.0005986125234887339
NPL,Flood,114413.42000408261,41.04,117388.16892418875,29651054.0,0.0038586628321570834,0.003958988065793167
NPL,all_hazards,131713.12006162718,41.04,135137.66118322947,29651054.0,0.004442105837506727,0.004557600589281901
PAK,Earthquake,139367.16261531887,46.93,163512.52353842286,251269164.0,0.0005546528686477377,0.0006507464781409583
PAK,Flood,162607.3077964345,46.93,190779.02387216678,251269164.0,0.0006471439042016095,0.0007592615856045384
PAK,Storm surge,2227.4518774240423,46.93,2613.3579151877575,251269164.0,8.86480394953693e-06,1.0400631233794202e-05
PAK,Tsunami,68.62640197708359,46.93,80.51592611961333,251269164.0,2.731190763108663e-07,3.2043695628172395e-07
PAK,Wind,2612.543469060918,46.93,3065.166625075722,251269164.0,1.0397389904401155e-05,1.2198737705338655e-05
PAK,all_hazards,306883.0921602154,46.93,360050.58787697274,251269164.0,0.0012213320857795962,0.0014329278696409112
PAN,Earthquake,1673.3268186013256,36.01,1506.4124684458434,4515577.0,0.0003705676635790566,0.0003336035391370457
PAN,Flood,664.614306032095,36.01,598.3190290053934,4515577.0,0.00014718258730436775,0.00013250112422075704
PAN,Storm surge,5.567185858162808,36.01,5.011859068811067,4515577.0,1.232884713993983e-06,1.109904463773083e-06
PAN,Tsunami,168.05782574832136,36.01,151.2940576299263,4515577.0,3.721735356263914e-05,3.3504922544765884e-05
PAN,Wind,182.2908718882999,36.01,164.10735741744196,4515577.0,4.0369341922040065e-05,3.634250006531656e-05
PAN,all_hazards,2693.8570081282046,36.01,2425.144771567416,4515577.0,0.0005965698310820975,0.0005370619904316582
PER,Earthquake,52631.3775593808,38.45,50591.9116789548,34217848.0,0.0015381264642762105,0.0014785240637855074
PER,Flood,5348.9434777094775,38.45,5141.671917948236,34217848.0,0.00015632027700016312,0.00015026286626640683
PER,Tsunami,1685.6478824966332,38.45,1620.3290270498887,34217848.0,4.926224122851423e-05,4.7353329380909306e-05
PER,all_hazards,59665.968919586914,38.45,57353.91262395292,34217848.0,0.0017437089825048878,0.0016761402594328235
PHL,Earthquake,91876.02643612669,39.99,91853.05742951766,115843670.0,0.0007931035544378617,0.0007929052785492523
PHL,Flood,42998.21865892101,39.99,42987.469104256284,115843670.0,0.00037117452044570936,0.000371081726815598
PHL,Storm surge,26389.68488189009,39.99,26383.08746066962,115843670.0,0.0002278042890206266,0.00022774733794837145
PHL,Tsunami,19457.363634788904,39.99,19452.49929388021,115843670.0,0.0001679622514962527,0.00016792026093337867
PHL,Wind,29046.93397067784,39.99,29039.672237185172,115843670.0,0.0002507425219753297,0.00025067983634483585
PHL,all_hazards,209768.22758240454,39.99,209715.78552550892,115843670.0,0.0018107871373757801,0.001810334440591436
POL,Earthquake,2177.6200663383397,39.13,2130.256829895481,36554707.0,5.957153661054758e-05,5.8275855689268174e-05
POL,Flood,195.5228167390655,39.13,191.27019547499083,36554707.0,5.348772642031175e-06,5.2324368370669975e-06
POL,all_hazards,2373.1428830774053,39.13,2321.527025370472,36554707.0,6.492030925257875e-05,6.350829252633518e-05
PRT,Earthquake,1414.0278614494162,37.74,1334.1352872775242,10701636.0,0.00013213193398181513,0.00012466647971184257
PRT,Flood,657.9450972216015,37.74,620.771199228581,10701636.0,6.148079576072308e-05,5.800713080024223e-05
PRT,Tsunami,234.6583216512101,37.74,221.40012647791673,10701636.0,2.192733163893914e-05,2.068843740133908e-05
PRT,all_hazards,2306.6312803222277,37.74,2176.3066129840217,10701636.0,0.00021554006138147733,0.00020336204791342386
PRY,Earthquake,358.29481300250626,41.61,372.71617922585716,6929153.0,5.170831312319215e-05,5.378957272640064e-05
PRY,Flood,5947.307016018442,41.61,6186.686123413184,6929153.0,0.0008583021642065692,0.0008928488263158836
PRY,all_hazards,6305.601829020948,41.61,6559.4023026390405,6929153.0,0.0009100104773297613,0.0009466383990422842
ROU,Earthquake,5101.518769082885,38.78,4945.922446625857,19069340.0,0.0002675246636266848,0.0002593651613860709
ROU,Flood,3947.7586331544417,38.78,3827.3519948432318,19069340.0,0.00020702125155639585,0.0002007071033839258
ROU,all_hazards,9049.277402237327,38.78,8773.274441469088,19069340.0,0.0004745459151830806,0.0004600722647699966
RUS,Earthquake,34901.14722687547,39.17,34176.94842191781,143533851.0,0.00024315621007671195,0.00023811071871762023
RUS,Flood,40418.705691177514,39.17,39580.01754808558,143533851.0,0.00028159702683081716,0.0002757538885240777
RUS,Tsunami,95.02424949979523,39.17,93.05249632267449,143533851.0,6.620337212285569e-07,6.482965215130645e-07
RUS,Wind,16.502778512934054,39.17,16.16034585879067,143533851.0,1.1497481881771606e-07,1.1258909132724844e-07
RUS,all_hazards,75431.37994606572,39.17,73866.17881218487,143533851.0,0.0005255302454475754,0.0005146254928545383
RWA,Earthquake,13420.665444623406,29.92,10038.657752578309,14256567.0,0.0009413672621623008,0.0007041427120974011
RWA,Flood,3227.6092863985295,29.92,2414.2517462261003,14256567.0,0.0002263945651431042,0.00016934313472704196
RWA,all_hazards,16648.274731021935,29.92,12452.909498804407,14256567.0,0.001167761827305405,0.0008734858468244428
SDN,Earthquake,11008.291295363699,50.76,13969.521653816531,50448963.0,0.00021820649307228968,0.00027690403970873556
SDN,Flood,80801.00088655541,50.76,102536.47012503882,50448963.0,0.0016016384893095903,0.00203247924293387
SDN,all_hazards,91809.29218191913,50.76,116505.99177885537,50448963.0,0.0018198449823818802,0.002309383282642606
SEN,Earthquake,1553.1145195623517,45.46,1765.1146514826128,18501984.0,8.394313385863654e-05,9.540137163034044e-05
SEN,Flood,2142.2125762622804,45.46,2434.624592922082,18501984.0,0.00011578285746340936,0.00013158721750716474
SEN,Tsunami,351.82117317361013,45.46,399.8447633118079,18501984.0,1.901532144734371e-05,2.1610912824906125e-05
SEN,all_hazards,4047.148268998242,45.46,4599.584007716503,18501984.0,0.0002187413127693896,0.0002485995019624113
SLE,Earthquake,283.02177205745767,42.71,302.19649711435045,8642022.0,3.274948525442977e-05,3.496826288041739e-05
SLE,Flood,2250.862924250852,42.71,2403.358887368847,8642022.0,0.00026045558831612,0.00027810145442453706
SLE,Tsunami,5.349094173709344,42.71,5.711495303978152,8642022.0,6.189632673591139e-07,6.608980287226938e-07
SLE,all_hazards,2539.233790482019,42.71,2711.2668797871756,8642022.0,0.00029382403683790885,0.0003137306153336772
SLV,Earthquake,4216.29388214628,42.96,4528.299629425105,6338193.0,0.0006652201790236239,0.0007144464722713722
SLV,Flood,2393.1089692921464,42.96,2570.199033019765,6338193.0,0.00037756959582836095,0.0004055097459196596
SLV,Storm surge,81.08411961360723,42.96,87.08434446501417,6338193.0,1.2792939503989107e-05,1.3739617027284301e-05
SLV,Tsunami,821.9876473891738,42.96,882.8147332959727,6338193.0,0.00012968801161295876,0.0001392849244723177
SLV,Wind,556.4974191724295,42.96,597.6782281911894,6338193.0,8.780064273404573e-05,9.429789029636514e-05
SLV,all_hazards,8068.972037613637,42.96,8666.075968397046,6338193.0,0.0012730713687029785,0.0013672786499869989
SRB,Earthquake,5359.231434865794,40.96,5487.8529893025725,6587202.0,0.0008135823730418156,0.0008331083499948191
SRB,Flood,10647.147647019334,40.96,10902.679190547798,6587202.0,0.0016163384160709409,0.0016551305380566436
SRB,all_hazards,16006.379081885127,40.96,16390.53217985037,6587202.0,0.0024299207891127564,0.002488238888051462
SVK,Earthquake,1997.4669286478422,37.91,1893.0992816259925,5422069.0,0.00036839570441612643,0.0003491470288603838
SVK,Flood,1017.7025022659687,37.91,964.5275465225717,5422069.0,0.00018769633921404702,0.00017788920549011305
SVK,all_hazards,3015.169430913811,37.91,2857.626828148564,5422069.0,0.0005560920436301735,0.0005270362343504968
SVN,Earthquake,1739.3986772360684,38.11,1657.212089736664,2126324.0,0.0008180308726403259,0.0007793789139080705
SVN,Flood,150.1179106487686,38.11,143.0248393706143,2126324.0,7.059973487049415e-05,6.72638973978633e-05
SVN,all_hazards,1889.516587884837,38.11,1800.2369291072785,2126324.0,0.00088863060751082,0.0008466428113059339
SWE,Earthquake,295.59595348805357,35.07,259.16375222065096,10569709.0,2.7966328447458067e-05,2.451947846630886e-05
SWE,Flood,50.28390966115918,35.07,44.08641779542131,10569709.0,4.757359891474702e-06,4.171015284850445e-06
SWE,all_hazards,345.8798631492127,35.07,303.2501700160723,10569709.0,3.272368833893277e-05,2.8690493751159307e-05
SWZ,Earthquake,166.0441363789589,42.74,177.4181597209176,1242822.0,0.0001336025081459444,0.0001427542799539416
SWZ,Flood,152.7900665645135,42.74,163.25618612418268,1242822.0,0.00012293801249455957,0.00013135926635043688
SWZ,all_hazards,318.8342029434724,42.74,340.6743458451003,1242822.0,0.00025654052064050394,0.0002741135463043785
TCD,Earthquake,682.1886144334463,41.05489361702128,700.1795248077071,20299123.0,3.360680234478338e-05,3.4493092376833576e-05
TCD,Flood,17434.149943496384,41.05489361702128,17893.92928083604,20299123.0,0.0008588622249097354,0.0008815124318836848
TCD,all_hazards,18116.33855792983,41.05489361702128,18594.108805643747,20299123.0,0.0008924690272545189,0.0009160055242605185
TGO,Earthquake,603.7767220299653,41.05489361702128,619.6997272843513,9515236.0,6.345367808323044e-05,6.512710008289351e-05
TGO,Flood,3061.4174481254036,41.05489361702128,3142.15419125203,9515236.0,0.0003217384674563409,0.0003302234638480885
TGO,all_hazards,3665.1941701553687,41.05489361702128,3761.8539185363816,9515236.0,0.00038519214553957136,0.00039535056393098203
TJK,Earthquake,5494.967382922316,40.29,5534.805896448503,10590927.0,0.0005188372446455646,0.0005225988146692449
TJK,Flood,8580.04919127658,40.29,8642.254547913335,10590927.0,0.0008101320301118664,0.0008160054873301775
TJK,all_hazards,14075.016574198893,40.29,14177.060444361836,10590927.0,0.001328969274757431,0.0013386043019994224
TUN,Earthquake,3519.191285060837,44.26,3893.985156919816,12277109.0,0.0002866465782018256,0.00031717443878032
TUN,Flood,160.00833131096698,44.26,177.04921859558496,12277109.0,1.3033062695050356e-05,1.4421083872073218e-05
TUN,Tsunami,249.96653916825193,44.26,276.58797558967075,12277109.0,2.036037467519853e-05,2.252875457810717e-05
TUN,all_hazards,3929.166155540056,44.26,4347.622351105072,12277109.0,0.0003200400155720745,0.0003541242772305004
TUR,Earthquake,79366.16386276315,42.76,84842.4291692938,85518661.0,0.0009280566713125121,0.0009920925816330754
TUR,Flood,6744.556566159979,42.76,7209.930969225017,85518661.0,7.886648934037893e-05,8.430827710486506e-05
TUR,Tsunami,616.6580432721878,42.76,659.2074482579687,85518661.0,7.2108009650921424e-06,7.7083462316835e-06
TUR,all_hazards,86727.37847219533,42.76,92711.5675867768,85518661.0,0.0010141339616179833,0.0010841092049696242
TZA,Earthquake,171680.56080183267,39.71,170435.8767360194,68560157.0,0.002504086459455346,0.002485931832624295
TZA,Flood,62056.9016444386,39.71,61606.98910751642,68560157.0,0.0009051452674537867,0.0008985829642647466
TZA,Storm surge,8.912530603618005e-06,39.71,8.847914756741773e-06,68560157.0,1.2999577296210108e-13,1.2905330360812584e-13
TZA,Tsunami,14477.27975010585,39.71,14372.319471917584,68560157.0,0.00021116170650113667,0.00020963078412900344
TZA,Wind,315.1223441952381,39.71,312.8377071998226,68560157.0,4.596289710877384e-06,4.562966610473524e-06
TZA,all_hazards,248529.8645494849,39.71,246728.02303150116,68560157.0,0.0036249897232511425,0.0035987085477575723
UGA,Earthquake,68839.63926875875,44.44,76480.83922759097,50015092.0,0.0013763773396389784,0.001529155224338905
UGA,Flood,25163.386378416675,44.44,27956.522266420925,50015092.0,0.0005031158670750156,0.0005589617283203423
UGA,all_hazards,94003.02564717543,44.44,104437.3614940119,50015092.0,0.0018794932067139939,0.002088116952659247
UKR,Earthquake,5874.988593101831,39.0,5728.113878274285,37860221.0,0.0001551757606777264,0.0001512963666607832
UKR,Flood,161715.60517990292,39.0,157672.71505040536,37860221.0,0.004271385663065805,0.004164601021489161
UKR,all_hazards,167590.59377300477,39.0,163400.82892867964,37860221.0,0.004426561423743532,0.004315897388149944
URY,Earthquake,310.6699575745356,36.84,286.1270309261473,3386588.0,9.17353860506609e-05,8.44882905526587e-05
URY,Flood,356.84913602961547,36.84,328.6580542832759,3386588.0,0.00010537128697958401,9.704695530819688e-05
URY,all_hazards,667.519093604151,36.84,614.7850852094231,3386588.0,0.00019710667303024488,0.00018153524586085555
USA,Earthquake,38949.12787767739,37.56,36573.23107713908,340110988.0,0.00011451887546096391,0.00010753322405784513
USA,Flood,641.2042312445969,37.56,602.0907731386766,340110988.0,1.8852793760506112e-06,1.7702773341115241e-06
USA,Storm surge,1019.4882852396097,37.56,957.2994998399936,340110988.0,2.9975164614193812e-06,2.8146679572727993e-06
USA,Tsunami,3189.5982150803434,37.56,2995.0327239604426,340110988.0,9.3781098747693e-06,8.806045172408374e-06
USA,Wind,34796.39533428392,37.56,32673.815218892607,340110988.0,0.00010230894196891964,9.606809650881555e-05
USA,all_hazards,78595.81394352586,37.56,73801.4692929708,340110988.0,0.00023108872314212285,0.00021699231103045337
UZB,Earthquake,43723.41427522798,37.55255319148936,41048.1460071006,36361859.0,0.001202452665448925,0.001128879191987973
UZB,Flood,21874.857270176934,37.55255319148936,20536.418529863928,36361859.0,0.0006015879790463115,0.00056477911456243
UZB,all_hazards,65598.27154540492,37.55255319148936,61584.56453696452,36361859.0,0.0018040406444952365,0.0016936583065504027
VNM,Earthquake,8412.225298453086,41.82,8794.981549532702,100987686.0,8.329951533351389e-05,8.708964328118878e-05
VNM,Flood,170680.46229520603,41.82,178446.4233296379,100987686.0,0.001690111627027537,0.00176701170605729
VNM,Storm surge,12683.641603076663,41.82,13260.747296016652,100987686.0,0.00012559592268582788,0.00013131053716803305
VNM,Tsunami,1501.5783284017054,41.82,1569.9001423439831,100987686.0,1.4868924993505698e-05,1.5545461080710207e-05
VNM,Wind,17928.716756035446,41.82,18744.473368435058,100987686.0,0.00017753369213782607,0.00018561147513009713
VNM,all_hazards,211206.62428117293,41.82,220816.5256859663,100987686.0,0.0020914096821782104,0.0021865688227173195
ZAF,Earthquake,9536.982651867842,42.39,10106.817365316947,64007187.0,0.00014899862185582132,0.00015790128951170666
ZAF,Flood,403.45648668506243,42.39,427.5630117644949,64007187.0,6.303299763588461e-06,6.679921924462872e-06
ZAF,Tsunami,375.58701649676345,42.39,398.0283407324451,64007187.0,5.86788818725565e-06,6.2184945064441765e-06
ZAF,all_hazards,10316.026155049667,42.39,10932.408717813883,64007187.0,0.00016116980980666542,0.00017079970594261365
ZMB,Earthquake,61346.97214262471,43.57,66822.18940635397,21314956.0,0.002878118638510195,0.00313499072699723
ZMB,Flood,13682.8606106767,43.57,14904.055920179595,21314956.0,0.0006419370797986493,0.0006992299641706788
ZMB,all_hazards,75029.83275330141,43.57,81726.24532653356,21314956.0,0.003520055718308844,0.0038342206911679087
ZWE,Earthquake,1958.9192395584575,45.49,2227.780905187856,16634373.0,0.00011776333496660544,0.00013392635269077207
ZWE,Flood,6746.267868865396,45.49,7672.193133867173,16634373.0,0.00040556189697473996,0.0004612252673345231
ZWE,all_hazards,8705.187108423854,45.49,9899.974039055029,16634373.0,0.0005233252319413454,0.0005951516200252951
