iso3,income_cat,c,income_share,diversified_share
AGO,0.2,1393.9936282969495,0.0379620379620379,0.0151415617061787
AGO,0.4,2824.6712994438194,0.0769230769230769,0.0189930226276126
AGO,0.6,4622.189399089886,0.1258741258741259,0.0270815276677414
AGO,0.8,7483.544741383624,0.2037962037962037,0.030186040794114
AGO,1.0,20396.32782455537,0.5554445554445555,0.0456414570413844
ALB,0.2,7954.730321400019,0.084084084084084,0.2469630926141457
ALB,0.4,12500.290505057174,0.1321321321321321,0.1997160920363404
ALB,0.6,16382.956495264323,0.1731731731731731,0.1866926905676635
ALB,0.8,21780.80921335719,0.2302302302302302,0.1907231782582682
ALB,1.0,35985.6847872858,0.3803803803803803,0.1684883037660418
ARG,0.2,6769.497837448806,0.051,0.3117643685797535
ARG,0.4,12875.319416324202,0.097,0.217193671480419
ARG,0.6,19644.817253773013,0.148,0.1893295998633513
ARG,0.8,29865.431635803565,0.225,0.2095556987387057
ARG,1.0,63580.18557133291,0.479,0.191361451809611
ARM,0.2,9537.422826780088,0.095,0.7359484319498566
ARM,0.4,14055.14942893908,0.14,0.4962759756412496
ARM,0.6,17568.936786173846,0.175,0.4858640591529772
ARM,0.8,22187.05731282526,0.221,0.3909946465419204
ARM,1.0,37045.35813770371,0.369,0.3290250852640796
AUS,0.2,21929.93211224587,0.073,0.5469683527462146
AUS,0.4,37250.8435879245,0.124,0.4813526377533027
AUS,0.6,49868.06480318925,0.166,0.4693648877199345
AUS,0.8,68193.07656821661,0.2269999999999999,0.4098946443547524
AUS,1.0,123168.11186329876,0.4100000000000001,0.3090816376712832
AUT,0.2,24400.468641885363,0.077077077077077,0.7397093513062059
AUT,0.4,41829.37481466063,0.1321321321321321,0.5955636158345237
AUT,0.6,55455.61054973946,0.1751751751751751,0.5570515546133484
AUT,0.8,71300.07070680789,0.2252252252252252,0.4919579205054853
AUT,1.0,123586.78922513367,0.3903903903903905,0.3600847947043449
AZE,0.2,11907.030119557128,0.1078921078921079,0.0295729600115587
AZE,0.4,15324.788764985562,0.1388611388611388,0.0146535643452907
AZE,0.6,18411.79657375963,0.1668331668331668,0.0241241871048479
AZE,0.8,23042.30828692074,0.2087912087912088,0.0212013449630825
AZE,1.0,41674.60541844994,0.3776223776223775,0.0221910980604287
BDI,0.2,296.64540503316636,0.071,0.0429075457136316
BDI,0.4,467.9476811790793,0.112,0.0302490529608334
BDI,0.6,639.2499573249924,0.153,0.023668040561255
BDI,0.8,894.1143193957408,0.214,0.0264237052987035
BDI,1.0,1880.1469333088012,0.4500000000000001,0.0119601131301088
BEL,0.2,28702.848886942953,0.091,0.7168340884931949
BEL,0.4,45419.89274417348,0.144,0.5860549828885429
BEL,0.6,56774.86593021683,0.18,0.5510127633139308
BEL,0.8,70022.33464726743,0.222,0.4981670263145892
BEL,1.0,114495.97962593728,0.363,0.3651697012289678
BEN,0.2,1482.5038362786893,0.0759999999999999,0.0318428607180931
BEN,0.4,2321.288901541632,0.119,0.030159362677628
BEN,0.6,3140.5673373798554,0.161,0.0307472432405054
BEN,0.8,4310.9651028630315,0.221,0.0418927866658345
BEN,1.0,8251.30424665639,0.423,0.0552727393737852
BFA,0.2,929.9954150158314,0.073,0.0345724317665357
BFA,0.4,1426.842280572234,0.1119999999999999,0.0823461578745716
BFA,0.6,1923.6891461286375,0.151,0.0724048273573041
BFA,0.8,2688.0689392923346,0.211,0.064876884146908
BFA,1.0,5771.067438385912,0.453,0.0872559963216816
BGD,0.2,3734.185380906275,0.088,0.0769969837580112
BGD,0.4,5431.542372227309,0.128,0.0680891548194518
BGD,0.6,7001.597589199265,0.165,0.0768347966872375
BGD,0.8,9250.595602699634,0.2179999999999999,0.0728037966405991
BGD,1.0,17016.003837993365,0.401,0.1004892774502335
BGR,0.2,10215.343245268745,0.0599400599400599,0.5229750667393808
BGR,0.4,19238.896445256138,0.1128871128871128,0.3940518252610381
BGR,0.6,26219.38099618977,0.1538461538461538,0.2957776506100475
BGR,0.8,36094.21279994956,0.2117882117882117,0.2726091864308124
BGR,1.0,78658.14298856932,0.4615384615384615,0.2164085313054673
BIH,0.2,7653.484288573875,0.0749250749250749,0.2598054225572899
BIH,0.4,12551.714233261158,0.1228771228771228,0.2256163904953041
BIH,0.6,17041.7583492245,0.1668331668331668,0.2112604325345288
BIH,0.8,23368.63869444557,0.2287712287712287,0.1992958970001949
BIH,1.0,41532.90807266091,0.4065934065934066,0.1605082297744177
BLR,0.2,14939.388119003348,0.1028971028971029,0.6193138411838736
BLR,0.4,21031.177449082385,0.1448551448551448,0.5697457103889462
BLR,0.6,26107.668557481586,0.1798201798201798,0.5249798776034756
BLR,0.8,32634.585696851973,0.2247752247752247,0.4693606918280861
BLR,1.0,50474.82587779772,0.3476523476523476,0.329267052890035
BLZ,0.2,3846.75447261675,0.0579420579420579,0.4327777026073089
BLZ,0.4,6963.952062495839,0.1048951048951049,0.2633023825177683
BLZ,0.6,10081.149652374928,0.1518481518481518,0.1485475116081278
BLZ,0.8,14790.10771368164,0.2227772227772228,0.1383410171895599
BLZ,1.0,30707.71242795784,0.4625374625374626,0.1225661716382096
BOL,0.2,2559.5119814358354,0.0519999999999999,0.2520326135348638
BOL,0.4,4922.138425838145,0.0999999999999999,0.155247419189317
BOL,0.6,7284.764870240456,0.148,0.1292809240652195
BOL,0.8,10976.368689619065,0.2229999999999999,0.1439127397143053
BOL,1.0,23478.600291247953,0.477,0.1598058051273927
BRA,0.2,3634.863282103613,0.037,0.3665836696567048
BRA,0.4,7662.684756867075,0.0779999999999999,0.2797374605919791
BRA,0.6,12279.943520620312,0.125,0.2480260376776364
BRA,0.8,19058.472344002723,0.1939999999999999,0.2294920594917711
BRA,1.0,55603.58426136878,0.566,0.2084340034936425
BTN,0.2,6443.916879044084,0.088,0.0427595100950973
BTN,0.4,9885.554303078994,0.135,0.0473708308759179
BTN,0.6,12887.833758088169,0.176,0.0465679090178242
BTN,0.8,16695.602822977853,0.2279999999999999,0.0551145384891663
BTN,1.0,27313.420407766404,0.373,0.0546090854892976
BWA,0.2,3339.334103809284,0.0369630369630369,0.2768448736325557
BWA,0.4,6046.902296087082,0.0669330669330669,0.202831519831967
BWA,0.6,9656.993219124142,0.1068931068931068,0.1857174819887825
BWA,0.8,17238.18415750198,0.1908091908091908,0.1535741380669141
BWA,1.0,54061.11157248002,0.5984015984015985,0.1381108647219601
CAN,0.2,23266.948822943566,0.082082082082082,0.5538901994373628
CAN,0.4,36602.88290438683,0.1291291291291291,0.4819828462358966
CAN,0.6,48520.10059418719,0.1711711711711711,0.4630153987730563
CAN,0.8,64125.9809022591,0.2262262262262262,0.4161282279629232
CAN,1.0,110943.62182647482,0.3913913913913914,0.3077673124618295
CHE,0.2,30380.151381651525,0.0740740740740741,0.7669488783028484
CHE,0.4,50496.73810733969,0.1231231231231231,0.5913524931450151
CHE,0.6,68150.06931559666,0.1661661661661662,0.558763548661315
CHE,0.8,90729.91155871602,0.2212212212212212,0.4784545396850203
CHE,1.0,170375.17328899162,0.4154154154154154,0.3240537396150378
CHL,0.2,8903.922201129062,0.059,0.3693023569233082
CHL,0.4,14940.479625623342,0.099,0.3425091779476534
CHL,0.6,21127.95098572998,0.14,0.3520425136919412
CHL,0.8,30635.528929308468,0.203,0.305382811058752
CHL,1.0,75306.05387056613,0.499,0.1911959744709741
CHN,0.2,8703.651198429952,0.073,0.4195169704014784
CHN,0.4,13592.003241383762,0.114,0.3094940697010315
CHN,0.6,18718.81148155483,0.157,0.3074711666902023
CHN,0.8,26110.953595289855,0.219,0.3358120393837152
CHN,1.0,52102.67909197109,0.4370000000000001,0.2942465574643629
CIV,0.2,2558.598529054138,0.076,0.041646371402538
CIV,0.4,3905.229333819474,0.116,0.0679860906147106
CIV,0.6,5285.525908703943,0.1569999999999999,0.0606997794126803
CIV,0.8,7339.13788597108,0.218,0.0653730726610188
CIV,1.0,14577.27846158476,0.433,0.1032066432234508
CMR,0.2,1326.8414093286094,0.0539460539460539,0.0316689228178527
CMR,0.4,2358.82917213975,0.0959040959040959,0.041648755833942
CMR,0.6,3611.9571698389914,0.1468531468531468,0.0453072830652471
CMR,0.8,5528.505872202539,0.2247752247752248,0.058716017307631
CMR,1.0,11769.57472348896,0.4785214785214786,0.0871055501248839
COD,0.2,413.2263022302363,0.0549450549450549,0.0542446991844834
COD,0.4,721.2677275291396,0.0959040959040959,0.0695700248007332
COD,0.6,1029.309152828043,0.1368631368631368,0.0706652650253436
COD,0.8,1517.667510009231,0.2017982017982017,0.0664001994761712
COD,1.0,3839.2480079936495,0.5104895104895105,0.109202985044253
COG,0.2,1298.1088119165013,0.042,0.1740548503562672
COG,0.4,2534.4029185036447,0.0819999999999999,0.14711238835351
COG,0.6,4079.770551737576,0.132,0.1859010594862861
COG,0.8,6397.82200158847,0.207,0.1394922286689822
COG,1.0,16597.248380932408,0.537,0.1428506236909053
COL,0.2,3148.7727749698743,0.034034034034034,0.0887262438750938
COL,0.4,6667.989405818558,0.072072072072072,0.0628695630676974
COL,0.6,10650.260856515752,0.1151151151151151,0.0746790925786757
COL,0.8,17688.69411821312,0.1911911911911911,0.1099533367815961
COL,1.0,54362.635850215185,0.5875875875875876,0.1632874428162123
COM,0.2,802.690619651046,0.045,0.0457236714978467
COM,0.4,1623.2188086276706,0.091,0.0692256469200938
COM,0.6,2479.4221362554536,0.139,0.0665360022550237
COM,0.8,3959.940390278493,0.222,0.0842662722546098
COM,1.0,8972.297370766135,0.503,0.0953159700481931
CRI,0.2,6197.692623739905,0.0459540459540459,0.3532606946306182
CRI,0.4,11856.455454111125,0.0879120879120879,0.2831988599829899
CRI,0.6,18593.077871219713,0.1378621378621378,0.2420426592062232
CRI,0.8,29371.67373859346,0.2177822177822178,0.2321888612164663
CRI,1.0,68848.2811028498,0.5104895104895104,0.2783989122679204
CYP,0.2,22876.998080044956,0.0859140859140859,0.5680257507213278
CYP,0.4,33783.473908903594,0.1268731268731268,0.4306750421383301
CYP,0.6,43891.91492101649,0.1648351648351649,0.4164931133024269
CYP,0.8,57724.51841127623,0.2167832167832168,0.3665433738192922
CYP,1.0,108000.71186625876,0.4055944055944057,0.282937114202104
CZE,0.2,22781.85951874544,0.095,0.5628230703487843
CZE,0.4,35251.92999216399,0.147,0.4557479122389203
CZE,0.6,43405.43760939921,0.181,0.4319253084262513
CZE,0.8,53237.608559594606,0.222,0.3839539975305989
CZE,1.0,85132.21188583823,0.3550000000000001,0.2962453132692646
DEU,0.2,24479.14129991665,0.0779220779220779,0.7108941502675101
DEU,0.4,40170.89854345297,0.1278721278721278,0.5701749335363787
DEU,0.6,53351.97462802347,0.1698301698301698,0.5434990425379167
DEU,0.8,70612.90759591342,0.2247752247752247,0.4761081343406302
DEU,1.0,125534.05794829052,0.3996003996003996,0.3433404795239005
DNK,0.2,33537.59583531716,0.091,0.7595666723911432
DNK,0.4,49753.576239206785,0.135,0.6170956345309375
DNK,0.6,61915.56154212399,0.168,0.5861227230857956
DNK,0.8,78868.63196437222,0.214,0.5338739105237053
DNK,1.0,144469.64359828932,0.392,0.3799636349328916
DOM,0.2,7397.385162456179,0.061061061061061,0.3009958640908134
DOM,0.4,12975.741186603462,0.1071071071071071,0.2224755830978138
DOM,0.6,18675.365819971335,0.1541541541541541,0.18698789053669
DOM,0.8,27042.89985619226,0.2232232232232232,0.1619751450649982
DOM,1.0,55055.948586149265,0.4544544544544545,0.1596952524295869
DZA,0.2,7250.5479417037695,0.0939060939060939,0.1980386647155546
DZA,0.4,10567.287957589537,0.1368631368631368,0.2303099685280873
DZA,0.6,13498.360529767657,0.1748251748251748,0.2153215201791969
DZA,0.8,17200.76798936107,0.2227772227772227,0.1955014137517329
DZA,1.0,28693.657811848963,0.3716283716283717,0.1717052619317751
ECU,0.2,2996.1409091961427,0.043,0.2700624727610143
ECU,0.4,6340.670296205791,0.091,0.1961512361809203
ECU,0.6,10033.588161028943,0.144,0.1720367124524081
ECU,0.8,15468.44841491962,0.2219999999999999,0.140994787519457
ECU,1.0,34838.8477813505,0.5000000000000001,0.1911050248690062
EGY,0.2,8138.964550713325,0.0969030969030969,0.1008546684799298
EGY,0.4,11327.424890168031,0.1348651348651348,0.0794546220335303
EGY,0.6,14180.257825469607,0.1688311688311688,0.0853707584111893
EGY,0.8,17956.066122192286,0.2137862137862138,0.1118951939239133
EGY,1.0,32388.044500776745,0.3856143856143856,0.167692126088341
ESP,0.2,15721.239810223513,0.065,0.6630075492862506
ESP,0.4,30475.018709048654,0.126,0.5115329624382774
ESP,0.6,41842.6844179795,0.173,0.471418178071934
ESP,0.8,56596.463316804635,0.234,0.4190687455441844
ESP,1.0,97229.82159553617,0.4020000000000001,0.3195240004110606
EST,0.2,17224.415462064997,0.0829170829170829,0.629962533335902
EST,0.4,26978.000121306624,0.1298701298701298,0.489850073118921
EST,0.6,34656.354001986205,0.1668331668331668,0.4415707561017714
EST,0.8,47315.2617512147,0.2277722277722278,0.3916083862772739
EST,1.0,81556.56959748849,0.3926073926073926,0.2921913431506122
ETH,0.2,1196.9698119562318,0.083,0.053707150725925
ETH,0.4,1845.929348559008,0.128,0.0556515169887182
ETH,0.6,2422.782269983698,0.168,0.0493112986665424
ETH,0.8,3230.3763599782637,0.224,0.0617434339295595
ETH,1.0,5725.265245140048,0.397,0.0845580391986213
FIN,0.2,25589.193495871023,0.0919999999999999,0.723561719973079
FIN,0.4,38940.07705893417,0.14,0.5864035528159812
FIN,0.6,48953.23973123153,0.176,0.5584914401888339
FIN,0.8,62582.26670185848,0.225,0.5065307310632166
FIN,1.0,102078.6305759203,0.367,0.3810815346017075
FRA,0.2,20969.01794278653,0.077,0.7190604775036246
FRA,0.4,35129.913176876136,0.129,0.5813055808512901
FRA,0.6,46839.884235834834,0.1719999999999999,0.538772376212457
FRA,0.8,61273.10437827232,0.225,0.4911361245594279
FRA,1.0,108112.98861410718,0.3970000000000001,0.3624345433554626
GAB,0.2,5682.609623924263,0.06006006006006,0.0736844312463683
GAB,0.4,10228.697323063676,0.1081081081081081,0.0709463090346533
GAB,0.6,14869.495182601822,0.1571571571571571,0.0770242376635252
GAB,0.8,21783.33689170968,0.2302302302302302,0.0620564484674482
GAB,1.0,42051.31121703955,0.4444444444444443,0.06446881813784
GBR,0.2,20219.42417013538,0.077,0.62870958557404
GBR,0.4,32823.74053593406,0.125,0.4961756370551431
GBR,0.6,44902.8770531578,0.171,0.4613977675880474
GBR,0.8,60395.682586118666,0.23,0.4236332971430494
GBR,1.0,104248.19994212658,0.3970000000000001,0.3148546940845925
GEO,0.2,9125.230914219805,0.073,0.8942036086869787
GEO,0.4,15250.38591143584,0.122,0.5509246037867155
GEO,0.6,20625.52192940093,0.165,0.3983414098900286
GEO,0.8,28125.71172191036,0.225,0.3488623344074537
GEO,1.0,51876.31273152355,0.415,0.2528155226395483
GHA,0.2,1659.5544965780846,0.047,0.1173075288470366
GHA,0.4,3389.7283334360877,0.096,0.1162371090499926
GHA,0.6,5225.83118071397,0.148,0.1318865762481065
GHA,0.8,7874.056441210912,0.223,0.1331098869998839
GHA,1.0,17160.499688020194,0.486,0.1109547375287931
GIN,0.2,1712.1054763688207,0.085,0.0693952121782666
GIN,0.4,2638.6566753448883,0.131,0.0958188923237779
GIN,0.6,3484.6382048447763,0.173,0.08161469425144
GIN,0.8,4612.6135775112925,0.2289999999999999,0.0896593300537242
GIN,1.0,7694.40343497517,0.382,0.0984323732357601
GMB,0.2,999.222225351854,0.0659340659340659,0.0821140127443851
GMB,0.4,1650.2306448992742,0.1088911088911089,0.0819151577989256
GMB,0.6,2301.239064446694,0.1518481518481518,0.0717791777569775
GMB,0.8,3300.4612897985485,0.2177822177822178,0.086743533935968
GMB,1.0,6903.717193340081,0.4555444555444555,0.1325217225408512
GRC,0.2,13590.947562215906,0.072,0.5706702007818598
GRC,0.4,23784.158233877835,0.126,0.445275427377825
GRC,0.6,31900.974139090104,0.1689999999999999,0.4066452016000588
GRC,0.8,42471.711131924705,0.225,0.3833480065979002
GRC,1.0,77015.36951922344,0.4079999999999999,0.2996148980986708
GTM,0.2,2910.314350043366,0.046046046046046,0.2442233703096001
GTM,0.4,5883.896403348546,0.0930930930930931,0.2600605294324751
GTM,0.6,8857.478456653724,0.1401401401401401,0.2899192133933714
GTM,0.8,13539.288498027834,0.2142142142142142,0.1635730565111924
GTM,1.0,32013.457850477032,0.5065065065065065,0.1421671993065597
HND,0.2,1217.16607500304,0.0369630369630369,0.1554001651846406
HND,0.4,2960.674236493881,0.0899100899100899,0.1452505408459989
HND,0.6,4769.975158795696,0.1448551448551448,0.1296588243931096
HND,0.8,7533.271112856652,0.2287712287712287,0.1298200583631459
HND,1.0,16448.190202743783,0.4995004995004995,0.1165423286452993
HRV,0.2,16610.558447077754,0.0779220779220779,0.4075680938271271
HRV,0.4,28536.087588569477,0.1338661338661338,0.30718692779346
HRV,0.6,37906.146199741546,0.1778221778221778,0.3099388996071831
HRV,0.8,49192.80770865335,0.2307692307692307,0.3098405508291568
HRV,1.0,80923.2334601224,0.3796203796203796,0.3075282116002354
HTI,0.2,769.4123808697636,0.0549450549450549,0.2120642827674126
HTI,0.4,1440.8995496288303,0.1028971028971029,0.1304080256060408
HTI,0.6,2126.3760344037105,0.1518481518481518,0.1264717399791457
HTI,0.8,3077.6495234790546,0.2197802197802197,0.1131569294569431
HTI,1.0,6588.967843448339,0.4705294705294705,0.1303845984929319
HUN,0.2,16077.350637870735,0.079,0.8146712925343891
HUN,0.4,26863.42131897389,0.132,0.619857341063681
HUN,0.6,35817.89509196518,0.176,0.5840988506999848
HUN,0.8,46400.45500550035,0.228,0.4895209332449686
HUN,1.0,78351.64551367384,0.385,0.3143239271431741
IDN,0.2,5866.393460293703,0.081081081081081,0.1754515132427792
IDN,0.4,8546.104053267369,0.1181181181181181,0.1595249712212105
IDN,0.6,11153.390035620128,0.1541541541541541,0.1520164223865578
IDN,0.8,15209.168230391082,0.2102102102102102,0.1500139545685059
IDN,1.0,31577.13023071672,0.4364364364364364,0.145826481380768
IND,0.2,5099.777049854796,0.1038961038961039,0.1031249806934052
IND,0.4,6963.157125763278,0.1418581418581418,0.0749946206039041
IND,0.6,8581.355612736435,0.1748251748251748,0.0669013551061041
IND,0.8,10738.953595367308,0.2187812187812187,0.0651787243854925
IND,1.0,17702.110721130586,0.3606393606393606,0.0574992366929961
IRL,0.2,53055.09668263204,0.092,0.9120338520417628
IRL,0.4,77275.90168992057,0.134,0.7073174506292036
IRL,0.6,98613.27752967476,0.171,0.6925122390569811
IRL,0.8,126870.88337151136,0.22,0.5594510726016512
IRL,1.0,220870.6742331311,0.383,0.3636290656040581
IRN,0.2,5678.4123706042255,0.07,0.2290123578959195
IRN,0.4,9491.060676581348,0.117,0.6151454163134816
IRN,0.6,12979.2282756668,0.16,0.4102529282022922
IRN,0.8,17846.43887904185,0.22,0.2863108582193612
IRN,1.0,35125.03652102328,0.433,0.1584757576716172
IRQ,0.2,5656.987203883606,0.0889110889110889,0.1295524577927307
IRQ,0.4,8326.576670884857,0.1308691308691308,0.1145440304918586
IRQ,0.6,10741.919521981226,0.1688311688311688,0.1160685211606445
IRQ,0.8,14174.248836697125,0.2227772227772227,0.1092214366264737
IRQ,1.0,24725.483396749692,0.3886113886113886,0.1194468753077652
ISL,0.2,30822.37221046392,0.0939060939060939,0.6653576272832736
ISL,0.4,46889.35346911001,0.1428571428571428,0.5131140307344111
ISL,0.6,58693.66623056427,0.1788211788211788,0.5057919364417116
ISL,0.8,72793.26202896799,0.2217782217782218,0.4498564200951443
ISL,1.0,119026.82034466388,0.3626373626373625,0.3190025000888872
ISR,0.2,13241.634255222516,0.0559440559440559,0.3835965284248257
ISR,0.4,26010.353001329942,0.1098901098901098,0.4245190245692171
ISR,0.6,39488.44501111001,0.1668331668331668,0.4054745940377087
ISR,0.8,56276.945584695706,0.2377622377622378,0.3604987961032742
ISR,1.0,101676.83445974436,0.4295704295704295,0.2824633894601716
ITA,0.2,17510.484098788125,0.0659340659340659,0.6818052353599121
ITA,0.4,32633.174911377868,0.1228771228771228,0.5654668664339098
ITA,0.6,45102.76207263608,0.1698301698301698,0.5117715898809428
ITA,0.8,61286.694345758435,0.2307692307692308,0.4672742407799007
ITA,1.0,109042.56006972604,0.4105894105894105,0.3505607619212978
JOR,0.2,3903.3027644395606,0.082,0.2506571286735848
JOR,0.4,5759.751640209596,0.121,0.1848747702767746
JOR,0.6,7520.998009529886,0.158,0.176395344239637
JOR,0.8,10234.26944334763,0.215,0.1885092059269084
JOR,1.0,20182.93136734602,0.424,0.2335737991559149
JPN,0.2,15919.53287504396,0.069069069069069,0.517744323936235
JPN,0.4,30224.040675808097,0.1311311311311311,0.47507204461424
JPN,0.6,40606.34472474981,0.1761761761761762,0.4491018890625711
JPN,0.8,53757.263186742646,0.2332332332332332,0.4198202630286849
JPN,1.0,89979.9684241615,0.3903903903903904,0.3178148814886765
KAZ,0.2,17593.666332006345,0.098,0.3426701343621166
KAZ,0.4,23518.06417849828,0.131,0.2962887306158176
KAZ,0.6,29262.93481752076,0.163,0.279460089326274
KAZ,0.8,38598.349605932286,0.215,0.3042824622356124
KAZ,1.0,70554.19253549482,0.3929999999999999,0.3104449523379687
KEN,0.2,2096.426734071808,0.072,0.0803345697064532
KEN,0.4,3231.9912150273694,0.1109999999999999,0.0742664654974931
KEN,0.6,4309.321620036494,0.148,0.0795066333312533
KEN,0.8,6201.929088295764,0.213,0.07978273677432
KEN,1.0,13277.369315788112,0.456,0.0868559560443832
KOR,0.2,18905.328127191147,0.075,0.44048715799219
KOR,0.4,31256.80917028937,0.124,0.4084399550417825
KOR,0.6,42600.00604660405,0.169,0.4062832523609028
KOR,0.8,58480.48167344462,0.232,0.3542807997562176
KOR,1.0,100828.4166783528,0.4000000000000001,0.2748882543757163
LAO,0.2,3016.832414393224,0.07007007007007,0.0437191197903207
LAO,0.4,4654.541439349546,0.1081081081081081,0.1199560247024046
LAO,0.6,6335.348070225769,0.1471471471471471,0.1215965845491421
LAO,0.8,9050.49724317967,0.2102102102102101,0.1195871968766556
LAO,1.0,19997.289146835083,0.4644644644644644,0.129395123371185
LBN,0.2,3852.291371172348,0.068,0.2067904914631093
LBN,0.4,6288.29915000192,0.111,0.1668306297990098
LBN,0.6,9234.169022074891,0.163,0.1732319882805364
LBN,0.8,13483.019799103216,0.238,0.1461141993126872
LBN,1.0,23793.564351358615,0.4199999999999999,0.1612059861961781
LBR,0.2,597.5711690991352,0.072072072072072,0.065297237485127
LBR,0.4,962.7535502152732,0.1161161161161161,0.0710614323135147
LBR,0.6,1327.9359313314114,0.1601601601601601,0.0745655875247823
LBR,0.8,1850.810704293155,0.2232232232232232,0.0836412445555611
LBR,1.0,3552.2286163115255,0.4284284284284284,0.1070883992173123
LKA,0.2,5088.54959394282,0.074,0.138844091643961
LKA,0.4,7632.824390914228,0.111,0.151942629912696
LKA,0.6,10314.6275552895,0.15,0.1527016479006768
LKA,0.8,14302.95021000144,0.208,0.1568646854623725
LKA,1.0,31425.23195178201,0.4570000000000001,0.158360714945729
LSO,0.2,606.7207973538084,0.046,0.465305823903631
LSO,0.4,1173.8728470541078,0.089,0.3049393785417653
LSO,0.6,1872.920722266104,0.142,0.2664116716654752
LSO,0.8,2980.845656564363,0.2259999999999999,0.2165712569629466
LSO,1.0,6555.222527931366,0.4970000000000001,0.1951564671746737
LTU,0.2,15345.27300919352,0.065065065065065,0.7903038550809842
LTU,0.4,28093.653662985067,0.1191191191191191,0.4965709093324273
LTU,0.6,38245.14196137463,0.1621621621621622,0.3968325071240534
LTU,0.8,52882.171600913054,0.2242242242242242,0.2968961306509861
LTU,1.0,101278.80186067724,0.4294294294294295,0.1801923540350839
LVA,0.2,14016.976339336346,0.072,0.6092239715664678
LVA,0.4,24140.348139968148,0.124,0.4719338371938015
LVA,0.6,32122.237444312457,0.165,0.4091724126500253
LVA,0.8,43608.37083349085,0.2239999999999999,0.3143099424740883
LVA,1.0,80792.29417811919,0.4149999999999999,0.1977727909257882
MAR,0.2,3037.0812109375006,0.067,0.1460422445229011
MAR,0.4,4850.2640234375,0.107,0.1881010690436342
MAR,0.6,6663.4468359375005,0.147,0.1707252097778918
MAR,0.8,9473.880195312498,0.209,0.1624566223032724
MAR,1.0,21304.898046875,0.47,0.1647615324448219
MDA,0.2,8150.634700366802,0.099,0.6310644707426633
MDA,0.4,11443.820437888742,0.139,0.5899984856747884
MDA,0.6,14243.02831478239,0.173,0.519701064808406
MDA,0.8,18030.191912932616,0.219,0.4760799975858931
MDA,1.0,30461.968072077943,0.37,0.381171162723941
MDG,0.2,595.9419522887474,0.0719280719280719,0.0694910742562118
MDG,0.4,951.8517293500826,0.1148851148851149,0.0950974038253216
MDG,0.6,1282.9305917327197,0.1548451548451548,0.090876639715808
MDG,0.8,1754.717970627978,0.2117882117882117,0.0962478117744768
MDG,1.0,3699.8062871259726,0.4465534465534466,0.1024495341139981
MEX,0.2,6169.316845905332,0.056,0.2152509606006063
MEX,0.4,10796.304480334333,0.0979999999999999,0.1603903109990623
MEX,0.6,15533.458487011638,0.141,0.1526710825265915
MEX,0.8,22804.439055400067,0.207,0.1484445326116245
MEX,1.0,54862.85337965813,0.498,0.1745152838948903
MKD,0.2,7102.0657256214,0.058058058058058,0.4954493522411411
MKD,0.4,15061.277314679868,0.1231231231231231,0.340125888469365
MKD,0.6,22040.89363123883,0.1801801801801802,0.2941267019837433
MKD,0.8,30367.45344748461,0.2482482482482483,0.2509390947991656
MKD,1.0,47755.269534350795,0.3903903903903905,0.2052104731538458
MLI,0.2,1106.1098607225122,0.0759999999999999,0.2832580319342954
MLI,0.4,1673.7188681985383,0.1149999999999999,0.1771881374496583
MLI,0.6,2241.3278756745644,0.154,0.1079465916041765
MLI,0.8,3143.6806567902986,0.216,0.1470587708542547
MLI,1.0,6389.239853383986,0.439,0.1334198996521457
MLT,0.2,22072.73919610166,0.073,0.438018006784396
MLT,0.4,37191.05371397951,0.123,0.4557526140871588
MLT,0.6,49285.70532828179,0.163,0.4513423945949955
MLT,0.8,66218.21758830496,0.219,0.3998265671323495
MLT,1.0,127598.57453088903,0.4220000000000001,0.2884214597095869
MMR,0.2,2347.950981245946,0.089,0.0911139711011773
MMR,0.4,3429.591320921045,0.13,0.1044038000284059
MMR,0.6,4379.3243020991795,0.1659999999999999,0.1043138330301298
MMR,0.8,5698.397887068812,0.216,0.1047534926740509
MMR,1.0,10526.207208057664,0.3989999999999999,0.1136937754983961
MNE,0.2,8643.272587270823,0.062062062062062,0.4219083427939614
MNE,0.4,16868.322307415638,0.1211211211211211,0.3407958075746818
MNE,0.6,23978.111048557766,0.1721721721721722,0.2647539006006889
MNE,0.8,33457.8293700806,0.2402402402402403,0.3414645816416971
MNE,1.0,56320.67943963567,0.4044044044044044,0.3323672543397031
MNG,0.2,6888.535785185431,0.0819999999999999,0.4178178169709534
MNG,0.4,10584.823279675176,0.126,0.33725545243129
MNG,0.6,14113.09770623357,0.168,0.3331416954979282
MNG,0.8,18985.476676242775,0.2259999999999999,0.3538154381297957
MNG,1.0,33434.600518339044,0.3979999999999999,0.3338825157069471
MOZ,0.2,351.0497161967502,0.0469530469530469,0.1083385404096782
MOZ,0.4,642.3462892110747,0.0859140859140858,0.0829381754119568
MOZ,0.6,933.6428622253997,0.1248751248751248,0.0711345668478036
MOZ,0.8,1404.1988647870007,0.1878121878121877,0.0780283423431464
MOZ,1.0,4145.374308280774,0.5544455544455545,0.0524128808276439
MRT,0.2,2494.826590726727,0.0779999999999999,0.1340269263701989
MRT,0.4,3998.119536421037,0.125,0.1390731334575611
MRT,0.6,5373.472656949874,0.168,0.125752079988789
MRT,0.8,7324.554990723339,0.2289999999999999,0.1156644136229211
MRT,1.0,12793.98251654732,0.4000000000000001,0.1183642960553312
MUS,0.2,9834.1867021158,0.072,0.3268308240072151
MUS,0.4,15843.967464519896,0.1159999999999999,0.3040249558667027
MUS,0.6,21170.81859483262,0.1549999999999999,0.2944401803615231
MUS,0.8,28819.63047425602,0.211,0.2720961933017033
MUS,1.0,60917.323182550645,0.446,0.2610284610404957
MWI,0.2,571.977935922084,0.0699300699300699,0.0857446597861066
MWI,0.4,898.8224707347034,0.1098901098901099,0.0715871577151845
MWI,0.6,1217.4958921770071,0.1488511488511488,0.0681362582670889
MWI,0.8,1715.9338077662517,0.2097902097902098,0.0872262287096407
MWI,1.0,3775.0543770857544,0.4615384615384616,0.1498106428660518
MYS,0.2,10041.18257928469,0.0589410589410589,0.2290681901808116
MYS,0.4,17359.332594695567,0.1018981018981019,0.1863085675985375
MYS,0.6,25528.43028631701,0.1498501498501498,0.1800918165052363
MYS,0.8,37611.88728850706,0.2207792207792207,0.1516783043653854
MYS,1.0,79818.89202855118,0.4685314685314685,0.1302528054525784
NAM,0.2,1439.386989184816,0.0279999999999999,0.2932626606244928
NAM,0.4,2981.587334739976,0.058,0.1789329194734726
NAM,0.6,5037.854462146856,0.098,0.145062816213825
NAM,0.8,9201.795395145788,0.179,0.1194063131357472
NAM,1.0,32746.054003954567,0.637,0.1049937302492561
NER,0.2,771.1351626596567,0.087,0.1132709730536261
NER,0.4,1099.0891973539935,0.124,0.1028987171022179
NER,0.6,1409.3159869297174,0.159,0.1757525810669604
NER,0.8,1843.6334923357313,0.208,0.1182179338708795
NER,1.0,3740.4487200273006,0.422,0.1119582070850302
NGA,0.2,2122.4219195162223,0.0749250749250749,0.0360013043165843
NGA,0.4,3395.875071225956,0.1198801198801199,0.0443451029830639
NGA,0.6,4641.029264008806,0.1638361638361638,0.0673447578081912
NGA,0.8,6395.564717475551,0.2257742257742258,0.0795699551648687
NGA,1.0,11772.366913583315,0.4155844155844156,0.1071343229921482
NIC,0.2,1953.7085169431855,0.0509999999999999,0.3644734763030799
NIC,0.4,3524.336932524963,0.092,0.2321493373936917
NIC,0.6,5248.197388651302,0.1369999999999999,0.1798117141861553
NIC,0.8,7623.294017092038,0.1989999999999999,0.1735826544044719
NIC,1.0,19958.47328092941,0.521,0.1019417408757973
NLD,0.2,33323.86405613842,0.094,0.7057033056063673
NLD,0.4,51758.34204464052,0.1459999999999999,0.5734478415811003
NLD,0.6,64875.18215184395,0.1829999999999999,0.5502047394917559
NLD,0.8,79764.56821948028,0.225,0.4828587985893993
NLD,1.0,124787.2356144758,0.352,0.3568332867846546
NOR,0.2,41454.247821561345,0.091,0.8466484409762188
NOR,0.4,65597.93061873445,0.144,0.6674079972117082
NOR,0.6,81997.41327341803,0.18,0.6404605451731284
NOR,0.8,103407.84896147718,0.2269999999999999,0.5491248921587804
NOR,1.0,163083.74417713142,0.358,0.3899546864110612
NPL,0.2,2195.3649294323145,0.0869999999999999,0.2039081018953871
NPL,0.4,3305.6644339727964,0.131,0.2372716280754654
NPL,0.6,4289.7935402700405,0.17,0.2832152854583074
NPL,0.8,5601.9656819997,0.2219999999999999,0.2929305271338658
NPL,1.0,9841.291062972448,0.39,0.3606799097656983
PAK,0.2,2657.535677722118,0.096096096096096,0.0931038723605439
PAK,0.4,3626.428893558308,0.1311311311311311,0.1169494377788903
PAK,0.6,4539.956782775286,0.1641641641641641,0.1364270509136071
PAK,0.8,5868.724621636345,0.2122122122122122,0.1669135115243845
PAK,1.0,10962.33467060374,0.3963963963963963,0.2048877465160107
PAN,0.2,6556.681429856101,0.036,0.3373467973354959
PAN,0.4,14570.403177458,0.08,0.2305716465267655
PAN,0.6,23676.905163369254,0.13,0.1827599777610056
PAN,0.8,38429.43838054548,0.211,0.1598750600407088
PAN,1.0,98896.61156699616,0.543,0.1736942817122303
PER,0.2,4389.679615550318,0.056056056056056,0.1747765446131329
PER,0.4,8309.036415148817,0.1061061061061061,0.1279402716838407
PER,0.6,12071.618942763376,0.1541541541541541,0.106630681796125
PER,0.8,17323.557054225363,0.2212212212212212,0.1117023376167826
PER,1.0,36214.856828290125,0.4624624624624625,0.122609500779395
PHL,0.2,3579.6994442078617,0.069,0.3329205758511061
PHL,0.4,5551.128123626683,0.107,0.31389829094913
PHL,0.6,7574.436505135474,0.146,0.322175446578868
PHL,0.8,10842.85773680352,0.209,0.3342778694712046
PHL,1.0,24331.58028019546,0.4690000000000001,0.4032013181347209
POL,0.2,19398.417741707428,0.086,0.6269472089726559
POL,0.4,31353.256582527127,0.139,0.4776338800468631
POL,0.6,39924.65046839784,0.177,0.4215964466663107
POL,0.8,50751.674324234555,0.225,0.386737747504705
POL,1.0,84134.99787973106,0.373,0.3116863285723565
PRT,0.2,15512.537563043115,0.0740740740740741,0.5674965964249642
PRT,0.4,26203.610748383635,0.1251251251251251,0.4495843813108584
PRT,0.6,34588.7661878664,0.1651651651651652,0.4206447042184222
PRT,0.8,45489.46825919399,0.2172172172172172,0.3951151607028977
PRT,1.0,87624.87434259486,0.4184184184184183,0.3074461003459798
PRY,0.2,4318.515159015575,0.0529999999999999,0.1716871582163112
PRY,0.4,7903.697555179448,0.0969999999999999,0.1247166919494474
PRY,0.6,11488.87995134332,0.141,0.0830332671971152
PRY,0.8,16866.65354558913,0.207,0.0659874768929923
PRY,1.0,40903.67188350602,0.502,0.1034894426920132
ROU,0.2,14213.763948324256,0.07,0.6031929111499246
ROU,0.4,28021.42035526782,0.138,0.5847574590672631
ROU,0.6,37361.89380702376,0.184,0.5077789043956241
ROU,0.8,48529.85119499281,0.2389999999999999,0.4871908358384489
ROU,1.0,74926.84138473785,0.369,0.348095758378446
RUS,0.2,16056.313710937498,0.077,0.3909980597543719
RUS,0.4,25231.3501171875,0.121,0.4303081039934318
RUS,0.6,34406.3865234375,0.165,0.3642146084724003
RUS,0.8,47334.84691406249,0.227,0.2668083369924354
RUS,1.0,85494.65742187499,0.4100000000000001,0.1753620172057153
RWA,0.2,1206.711758696554,0.0739260739260739,0.0830408829864951
RWA,0.4,1777.4538067287071,0.1088911088911088,0.079183176021839
RWA,0.6,2348.1958547608615,0.1438561438561438,0.0730496545317564
RWA,0.8,3228.769300296184,0.1978021978021978,0.0817578573856941
RWA,1.0,7762.091853237292,0.4755244755244755,0.0977730978312226
SDN,0.2,729.1905628551157,0.0779220779220779,0.0848533029178296
SDN,0.4,1131.1802321213977,0.1208791208791209,0.0920848389442333
SDN,0.6,1505.1241105086362,0.1608391608391608,0.0853424300251526
SDN,0.8,2028.6455402507704,0.2167832167832168,0.0855223617035769
SDN,1.0,3963.805110904731,0.4235764235764236,0.1012891812423459
SEN,0.2,1642.644280392701,0.073073073073073,0.109301585698681
SEN,0.4,2587.7272910295974,0.1151151151151151,0.1458436000850076
SEN,0.6,3510.308325222758,0.1561561561561561,0.1675410256402323
SEN,0.8,4860.426911846897,0.2162162162162162,0.1501205070040243
SEN,1.0,9878.367658799942,0.4394394394394394,0.1965837478710232
SLE,0.2,1220.4476303221238,0.0789210789210789,0.0230931101985314
SLE,0.4,1807.4983892112464,0.1168831168831168,0.026429932694864
SLE,0.6,2363.6517397377843,0.1528471528471528,0.0578379473152916
SLE,0.8,3244.2278780714687,0.2097902097902098,0.031982676332297
SLE,1.0,6828.327248131377,0.4415584415584416,0.0438494135658827
SLV,0.2,3267.3428797980314,0.056,0.204324526418469
SLV,0.4,6301.304125324776,0.108,0.1390244020823083
SLV,0.6,8985.192919444586,0.154,0.1182026546846669
SLV,0.8,13069.371519192126,0.224,0.1078486552007158
SLV,1.0,26722.19712406247,0.458,0.1190391971181064
SRB,0.2,9275.673017383731,0.069,0.6468387484781151
SRB,0.4,17207.045597465472,0.128,0.5071198468136472
SRB,0.6,23525.25765278482,0.175,0.4134146953840463
SRB,0.8,30918.910057945766,0.2299999999999999,0.3582585685281009
SRB,1.0,53503.1574046192,0.3979999999999999,0.2628987345535742
SVK,0.2,18339.352188112636,0.0909090909090909,0.3609749881089055
SVK,0.4,30834.295437156412,0.1528471528471528,0.3765246202183099
SVK,0.6,38895.54914621691,0.1928071928071928,0.4593341178583086
SVK,0.8,47561.39688345695,0.2357642357642358,0.3976616451877688
SVK,1.0,66102.2804142961,0.3276723276723277,0.2220696225807514
SVN,0.2,24247.9448435405,0.1,0.6487190372706262
SVN,0.4,35401.99947156912,0.146,0.5203836867084097
SVN,0.6,43646.30071837289,0.18,0.4753497134678071
SVN,0.8,54800.35534640152,0.226,0.4243422296066808
SVN,1.0,84382.84805552092,0.348,0.3146431125277326
SWE,0.2,24987.268656998076,0.0789999999999999,0.7359945560313886
SWE,0.4,43648.64651475614,0.1379999999999999,0.5930026478381267
SWE,0.6,56300.42811323618,0.178,0.5592321036956932
SWE,0.8,73696.62781114623,0.2329999999999999,0.5042916505461958
SWE,1.0,117661.56886586438,0.372,0.3676595732149834
SWZ,0.2,1917.944627252404,0.037,0.3584079912837654
SWZ,0.4,3524.871206842256,0.068,0.3301425048022191
SWZ,0.6,5546.488516648843,0.107,0.2855594226055111
SWZ,0.8,9641.559477539113,0.186,0.2405121255644318
SWZ,1.0,31205.47744880938,0.602,0.1616107815627142
TCD,0.2,898.0931233113989,0.0689310689310689,0.0958972315335087
TCD,0.4,1431.7426603515055,0.1098901098901099,0.0632809915628666
TCD,0.6,2069.518936326267,0.1588411588411588,0.0655882884702376
TCD,0.8,2785.3902665020196,0.2137862137862137,0.0529041944958008
TCD,1.0,5844.113222707509,0.4485514485514486,0.063392930163008
TGO,0.2,968.8653088849812,0.068,0.0540734266229336
TGO,0.4,1567.2821173139405,0.1099999999999999,0.1071384063514461
TGO,0.6,2194.194964239516,0.1539999999999999,0.0715529961869161
TGO,0.8,3077.572157634647,0.216,0.0662032454696902
TGO,1.0,6440.1047002354635,0.452,0.112177040431202
TJK,0.2,1684.986230840072,0.0708582834331337,0.4523567468612961
TJK,0.4,2729.2030499522293,0.1147704590818363,0.2188945773397859
TJK,0.6,3797.1520694987544,0.1596806387225549,0.2032576688849958
TJK,0.8,5292.280696863889,0.2225548902195609,0.1710714761082948
TJK,1.0,10276.042788081004,0.4321357285429141,0.1804136132747726
TUN,0.2,4899.616307549658,0.077077077077077,0.2093922302585423
TUN,0.4,7826.659815955948,0.1231231231231231,0.2274861331772376
TUN,0.6,10435.546421274596,0.1641641641641641,0.210951097055827
TUN,0.8,13935.272355238636,0.2192192192192192,0.1884111248572033
TUN,1.0,26470.654336891665,0.4164164164164165,0.1759343771210493
TUR,0.2,9529.486293004002,0.054,0.2517222284159363
TUR,0.4,16764.836996951482,0.0949999999999999,0.2549160366655922
TUR,0.6,24529.60360606586,0.139,0.2878000589938654
TUR,0.8,36529.697456515336,0.207,0.2908010634828583
TUR,1.0,89118.34403642631,0.505,0.2176690601475849
TZA,0.2,1279.795918193137,0.0689310689310689,0.0417506937148453
TZA,0.4,1947.515527685208,0.1048951048951049,0.0483253641160836
TZA,0.6,2633.7829041076147,0.1418581418581418,0.0455672277512277
TZA,0.8,3783.744453788404,0.2037962037962037,0.0497230821672085
TZA,1.0,8921.475893491288,0.4805194805194806,0.0734069485291358
UGA,0.2,878.9691137387115,0.061,0.0648326089565343
UGA,0.4,1440.93297334215,0.1,0.0566195477552756
UGA,0.6,2031.715492412431,0.141,0.069995787392223
UGA,0.8,2925.0939358845644,0.203,0.0772730629476747
UGA,1.0,7132.618218043642,0.495,0.0826075863844203
UKR,0.2,8168.090453734986,0.1001001001001001,0.5883821053920812
UKR,0.4,11680.36934884103,0.1431431431431431,0.5061725745729541
UKR,0.6,14375.839198573576,0.1761761761761762,0.4287765021668908
UKR,0.8,18051.479902754316,0.2212212212212212,0.4212914509303058
UKR,1.0,29323.4447289086,0.3593593593593593,0.3349729468467777
URY,0.2,9131.050227714468,0.0569999999999999,0.311311151904488
URY,0.4,16820.355682631915,0.105,0.2654984449719407
URY,0.6,24509.661137549363,0.153,0.2687569591209833
URY,0.8,35883.42545628142,0.224,0.2675628531778574
URY,1.0,73849.37113993632,0.4610000000000001,0.2888156017665284
USA,0.2,19269.6297806777,0.051051051051051,0.6739450548635065
USA,0.4,38161.4236833029,0.1011011011011011,0.5930687196148561
USA,0.6,57431.05346398061,0.1521521521521521,0.5843477356522289
USA,0.8,85768.7443179184,0.2272272272272272,0.515730243415319
USA,1.0,176827.19092857186,0.4684684684684685,0.3732462880326465
UZB,0.2,3448.567696294116,0.066,0.356560569246391
UZB,0.4,6322.374109872546,0.121,0.2345764080254513
UZB,0.6,8725.92129213814,0.167,0.2030659405383512
UZB,0.8,12069.986937029404,0.231,0.1798283007181933
UZB,1.0,21684.175666091785,0.415,0.0730404139479098
VNM,0.2,4906.079503619261,0.068068068068068,0.189178355179675
VNM,0.4,8513.490903339307,0.1181181181181181,0.0393751541902311
VNM,0.6,11615.864707098544,0.1611611611611611,0.1859416898776388
VNM,0.8,15872.6101587682,0.2202202202202202,0.1767332914940421
VNM,1.0,31168.03449358119,0.4324324324324325,0.1626256133073844
ZAF,0.2,1630.2244394443633,0.0239760239760239,0.4900855064315139
ZAF,0.4,3260.4488788887265,0.0479520479520479,0.7635342250924082
ZAF,0.6,5569.933501434907,0.0819180819180818,0.694293656186239
ZAF,0.8,11207.79302118,0.1648351648351648,0.5123304858284778
ZAF,1.0,46325.544487544,0.6813186813186813,0.2673993399508577
ZMB,0.2,724.6272838995451,0.039,0.0129650612169719
ZMB,0.4,1356.353633965815,0.073,0.0127673839257671
ZMB,0.6,2211.0422252319454,0.119,0.0095840222643849
ZMB,0.8,3808.9382871642742,0.205,0.0148764243953529
ZMB,1.0,10479.22533639342,0.5640000000000001,0.0253327428764152
ZWE,0.2,828.031129844916,0.048,0.4642830756683515
ZWE,0.4,1362.801234536424,0.0789999999999999,0.1916327036953844
ZWE,0.6,2070.07782461229,0.12,0.2546140948185731
ZWE,0.8,3312.124519379664,0.192,0.1216326669821095
ZWE,1.0,9677.613830062455,0.561,0.1520808292909976
