iso3,gdp_pc_pp,gni_pc_pp,pop,gini_index,name,region,income_group,prepare_scaleup,finance_pre,borrowing_ability,avg_prod_k,tau_tax,k_priv_share,k_household_share,owner_occupied_share_of_value_added,self_employment,real_est_k_to_va_shares_ratio,rho,income_elasticity_eta,average_aid_cost_pc,dk,dw,dc,dk_tot,dc_tot,dw_tot,dWpc_currency,dWtot_currency,risk_to_wellbeing,risk_to_consumption,resilience,risk_to_assets
AGO,7344.14537855393,6254.16953066624,37885849.0,51.3,Angola,SSA,LMICs,0.5975740580549966,0.6666666666666666,0.44166666666666665,0.17186260685643784,0.03694776924106433,0.16370657597607113,0.4779953216278955,0.04511878484642958,0.655007400457814,3.705328168012808,0.06,1.5,0.0,4.526712303287724,3.351453488222795e-05,7.2727536954248,171498338.7888009,275534448.3190559,1269.726607853321,21.093327438762802,799138618.2525243,0.0028721282533919696,0.0009902791026798565,0.21460399343960648,0.0006163701928486386
ALB,18920.894264472903,18404.6379498887,2714617.0,29.4,Albania,ECA,UMICs,0.3020250449045197,0.8333333333333334,0.5916666666666667,0.16202216968574668,0.1874846304575461,0.2188499239783671,0.48179673524553157,0.06510556443994482,0.523627444248986,3.705328168012808,0.06,1.5,0.0,175.5815443084209,0.00018738426883789495,278.94854929720447,476636645.0658926,757238474.0475293,508.67652171991983,487.69198319403114,1323896948.3422313,0.025775313596554113,0.014742883998933197,0.3600254881339001,0.009279769859403746
ARG,26547.050342936498,25284.1877853823,45696159.0,42.4,Argentina,LAC,UMICs,0.4869371336118353,0.5,0.3,0.3074152642375409,0.20380071734395655,0.4115166295726825,0.34367910386630995,0.054230026607118335,0.257532871092025,3.705328168012808,0.06,1.5,0.0,80.1016027355303,3.191338893241002e-05,119.3328518763116,3660335574.7576275,5453052973.263383,1458.3192948842482,138.03757945473924,6307787178.738898,0.005199733215990513,0.00449514542424722,0.580288375469483,0.0030173447407818446
ARM,20078.7848984844,18725.7119227579,3033500.0,27.2,Armenia,ECA,UMICs,0.3740101200533297,0.5,0.44166666666666665,0.469678089191154,0.4322400213249921,0.17769329613535187,0.570949116485379,0.07937551931482487,0.609061512543324,3.705328168012808,0.06,1.5,0.0,113.89155598221039,9.173913079950734e-05,174.13130436952898,345490035.0720353,528227311.80496615,278.2906532803055,261.0121727121082,791780425.9221803,0.01299940081193908,0.008672402500943813,0.4363457642561013,0.005672233482156942
AUS,60082.005786974994,58522.8987735291,27204809.0,33.8,Australia,EAP,HICs,0.6790700317264603,0.8333333333333334,0.9166666666666667,0.23099803101387528,0.39730054390714725,0.4990071487909325,0.340918499007821,0.07178090494018849,0.13057964759743101,3.705328168012808,0.06,1.5,0.0,83.48727028297296,1.0118023849457494e-05,103.83118564123424,2271255241.9796553,2824707573.61332,275.2589062819358,149.00894262459954,4053759823.3941894,0.002480092677879652,0.0017281577783766918,0.5602836233346322,0.0013895553117681022
AUT,63314.4627876454,62305.6383565027,9178482.0,31.2,Austria,ECA,HICs,0.6743220859874698,0.8333333333333334,0.8916666666666666,0.18186532022472657,0.48466430575225194,0.5393368608613751,0.2701369177538442,0.045752330202528134,0.157215546374602,3.705328168012808,0.06,1.5,0.0,186.19769683793083,1.726782953582561e-05,214.08738163853198,1709012208.868405,1964997178.796396,158.49246257364376,275.10098299123786,2525009420.567383,0.004344994348509556,0.0033813345673732384,0.6768339931517486,0.0029408398751235034
AZE,22072.1058327346,19693.9063534123,10202850.0,26.6,Azerbaijan,ECA,UMICs,0.4799341211716937,0.8333333333333334,0.6666666666666667,0.6127220701287495,0.022056723812067625,0.1124132366200331,0.3427389910714582,0.029357610920977332,0.6754557894723691,3.705328168012808,0.06,1.5,0.0,74.71649344353118,5.524387040013172e-05,94.99803599659725,762321175.1303321,969250711.5678822,563.6449231119839,181.15476106715525,1848294853.954025,0.008207407233363708,0.004303986068049202,0.4124456514605944,0.0033851094231670898
BDI,835.6208592483559,851.962370060218,14047786.0,37.5,Burundi,SSA,LICs,0.6666666666666667,0.5,0.5,0.5273924728010927,0.021092263725624734,0.06653454885429888,0.539792659708802,0.045850115208894746,0.8475507922333191,3.705328168012808,0.06,1.5,0.0,4.103135914644729,0.00063483900048884,7.985408946041757,57639975.25784341,112177315.99648014,8918.082423321117,15.334778526337892,215419687.09539008,0.0183513591799654,0.00955625850846359,0.2675706015315111,0.00491028421470416
BEL,63083.1843669076,62352.5605666743,11876844.0,26.8,Belgium,ECA,HICs,0.35769762689571794,0.8333333333333334,0.8500000000000001,0.17009500737381328,0.4919557983732926,0.5121154363401297,0.3396589115047528,0.06723136376655965,0.150241650782864,3.705328168012808,0.06,1.5,0.0,102.99106308944154,1.1035580587410244e-05,130.06154052784333,1223208789.7074554,1544720627.248873,131.06786908609985,174.84998460056187,2076665990.5032756,0.002771736816321614,0.0020617465943280995,0.589025291164427,0.0016326230852650007
BEN,3901.32588494392,3822.67948629058,14462724.0,34.4,Benin,SSA,LMICs,0.6048974177043009,0.5,1.0,0.4570694328380306,0.04359800234319481,0.05753900697795942,0.567095434477671,0.03874248199844289,0.8803963841468629,3.705328168012808,0.06,1.5,0.0,4.54414795585622,6.333670301076415e-05,7.949103228825955,65720757.70071269,114965686.04601865,916.0212547146509,15.433832986030655,223215266.7390572,0.003956048133685328,0.002037538894021467,0.29442770049210604,0.0011647701550370588
BFA,2547.93264387899,2569.09345817925,23548781.0,37.4,Burkina Faso,SSA,LICs,0.5860386582748977,0.8333333333333334,0.4666666666666667,0.5136741699207948,0.07589567502058146,0.11111088342598388,0.48992565556054474,0.04092484365530483,0.752755377834778,3.705328168012808,0.06,1.5,0.0,1.1493037584643562,2.4659829628429925e-05,1.828616220443741,27064702.510554023,43061682.9082774,580.7089274172079,3.1715530945255646,74686209.25285482,0.001244755469554788,0.0007176862484323147,0.36237884853580915,0.00045107305376591454
BGD,8486.78495660517,8854.72230612135,173562364.0,30.9,Bangladesh,SAR,LMICs,0.7430143350200373,0.8333333333333334,0.6083333333333334,0.2770114487863902,0.08433631576618326,0.22186505750245328,0.5115710738806416,0.06946488976734187,0.533941897588006,3.705328168012808,0.06,1.5,0.0,51.7255961583439,0.0001732803551776287,77.87249966996768,8977616748.551487,13515735133.308813,30074.948079388872,135.4765493113687,23513630165.043724,0.015963235784115022,0.009175736167246748,0.3818047951565539,0.006094839968589808
BGR,34085.19529504671,32274.6230621858,6444366.0,39.5,Bulgaria,ECA,HICs,0.4856640200425024,0.8333333333333334,0.7250000000000001,0.34702291863864165,0.27895105638288276,0.4520874395772141,0.31453236482393226,0.06935274943903241,0.11293676296003201,3.705328168012808,0.06,1.5,0.0,97.41191821567196,2.7905389553521383e-05,109.54787292932554,627758053.7438571,705966587.6780659,179.83254365546838,175.60495639928996,1131662610.4510667,0.005151942210664377,0.0032139429444678915,0.5547219179518889,0.0028578952642770374
BIH,20429.700727633204,19913.9548286205,3164253.0,33.0,Bosnia and Herzegovina,ECA,UMICs,0.20271542132514708,0.8333333333333334,0.5666666666666667,0.36384492670064134,0.19328903585136673,0.3897954552734887,0.25627997914117817,0.03826573098936193,0.227038537991475,3.705328168012808,0.06,1.5,0.0,105.34851383021484,6.319946713612942e-05,123.70407707247155,333349350.93279886,391430996.98879933,199.97910348389894,184.54675948461426,583952637.3394691,0.00903325809540599,0.006055109603497494,0.5708499792920926,0.0051566351967026365
BLR,29037.5291400434,28074.4955028392,9133712.0,24.4,Belarus,ECA,UMICs,0.7333333333333333,0.8333333333333334,0.5166666666666667,0.3634728967331161,0.4606292923916217,0.5965909687047342,0.25939189533689544,0.062352782015908416,0.0453709688849566,3.705328168012808,0.06,1.5,0.0,110.30225627257568,3.1365039589456254e-05,126.62035440746912,1007469041.7438998,1156513850.4957538,286.47923847869157,155.1977168643972,1417531248.896947,0.005344728751399722,0.004360576059925733,0.7107208694890237,0.0037986102653777944
BLZ,13277.935265825397,11921.5830532649,417072.0,39.9,Belize,LAC,UMICs,0.5020893021045503,0.6666666666666666,0.43333333333333335,0.24618765352857863,0.16276250048130664,0.2773668571009565,0.31068361607682327,0.041657108801666586,0.360459676004445,3.705328168012808,0.06,1.5,0.0,280.0844735738335,0.00037028801075267184,357.41019164348205,116815391.56238587,149065783.44913033,154.43676122063835,566.5463828405526,236290632.98407495,0.04266825914558594,0.02691760311284093,0.4943716561555734,0.021093977939078513
BOL,9844.276851676292,9404.20916239205,12413315.0,42.1,Bolivia,LAC,LMICs,0.3505492399830046,0.5,0.36666666666666664,0.48238079763710623,0.1560839245864535,0.08714808315398354,0.32470439791146044,0.0388710818518428,0.6746049096878189,3.705328168012808,0.06,1.5,0.0,35.11570950842113,7.337796600700311e-05,44.24670752841293,435902363.5765267,549248318.263061,910.863806104222,71.67065897053553,889670466.0588332,0.007280439188210293,0.004494663061094077,0.48995935035085314,0.003567119254924408
BRA,19647.9096329925,18932.3549097991,211998573.0,51.6,Brazil,LAC,UMICs,0.5291082704872349,0.6666666666666666,0.55,0.2423649776461265,0.22888147793198227,0.2907556486876387,0.37895057995446535,0.0666398587559825,0.31228270990448304,3.705328168012808,0.06,1.5,0.0,44.338837390994826,3.375362642115311e-05,62.59337415332827,9399770255.369946,13269705999.76068,7155.7206348595555,92.95975434900986,19707335268.420635,0.004731279616275978,0.0031857523432529604,0.476968099813692,0.002256669448262407
BTN,14645.2656341911,13239.7011889342,791524.0,28.5,Bhutan,SAR,LMICs,0.6,0.8333333333333334,1.0,0.15485283162287,0.051289154706792524,0.1814117372706933,0.5065592561297344,0.018542807088610797,0.707052576086817,3.705328168012808,0.06,1.5,0.0,337.3650021515003,0.00036344569994132886,477.7599653675551,267032495.96296412,378158478.82758874,287.6759942003604,644.1476323703649,509858310.56432074,0.043983335533807344,0.032622144063551024,0.5237386356758754,0.02303577214495051
BWA,18068.5050698005,19060.9054268781,2521139.0,54.9,Botswana,SSA,UMICs,0.6,0.6666666666666666,0.6708333333333334,0.21584996202890477,0.15561020086431648,0.3868196152370123,0.2662581110060443,0.024784474188829304,0.31078065052882897,3.705328168012808,0.06,1.5,0.0,29.574621298050005,2.9349187677921042e-05,35.179975237101246,74561731.16474448,88693607.58929019,73.99338167312617,71.28192480071282,179711640.61014432,0.003945092553332076,0.0019470329781682198,0.41489650259492233,0.0016368051027907506
CAN,56691.9070100503,55318.6112749144,41288599.0,31.1,Canada,NMA,HICs,0.7290944203661487,0.6666666666666666,0.825,0.2209511482560882,0.40155396937005305,0.37516708283402195,0.41036124074933467,0.09541678664484955,0.131513080870593,3.705328168012808,0.06,1.5,0.0,51.84950412389659,6.417008728895234e-06,67.28230920126435,2140793384.1204123,2777992284.405014,264.94930018685506,86.61921213602355,3576385915.5802097,0.0015278937806884455,0.0011868062436025761,0.5985912691340818,0.0009145838772843671
CHE,82026.4087304591,79631.6407153478,9034102.0,33.8,Switzerland,ECA,HICs,0.8346389202560219,1.0,1.0,0.22899160633982424,0.46292900694660266,0.6133628968362187,0.21828749486895216,0.025948758974267645,0.166061918423514,3.705328168012808,0.06,1.5,0.0,172.433332708131,9.629793882660642e-06,187.49853351559568,1557780315.8851914,1693880876.63031,86.99654017493225,226.22861574641954,2043772389.9719603,0.002757997323640154,0.002285831312348694,0.7622083180733075,0.002102168501302445
CHL,30182.787122471396,28707.1035801015,19764771.0,43.0,Chile,LAC,HICs,0.5408725972262776,1.0,0.8666666666666667,0.22311463099423323,0.2623827014981074,0.5006053254275413,0.35689577007996554,0.05213276292490724,0.246453204652613,3.705328168012808,0.06,1.5,0.0,422.94858354421586,0.00013772245124783696,502.6587730589143,8359481898.525795,9934935540.65041,2722.0527104721614,722.1771697005116,14273666380.55875,0.023926788694833397,0.016653822293458104,0.5856576492436246,0.01401290682096506
CHN,23845.619721725896,20701.1336318515,1408975000.0,36.0,China,EAP,UMICs,0.8,0.8333333333333334,0.8166666666666667,0.20226869046930582,0.3163086181925475,0.18948241982064604,0.3420016451899067,0.049940654650300106,0.453054614058699,3.705328168012808,0.06,1.5,0.0,107.87323388467708,4.942675497835314e-05,130.9588537987289,151990689712.6629,184517751031.06406,69641.06209562511,182.00152175697943,256435594117.5401,0.007632492838555028,0.005491945914050263,0.5927051205028748,0.004523817587613087
CIV,6733.15402382668,6791.52899752588,31934230.0,35.3,Cote d'Ivoire,SSA,LMICs,0.44117726619149267,0.5,0.44166666666666665,0.5264144049225482,0.07952118246154648,0.13814416730427057,0.5679760147309054,0.04511878484642958,0.7436744421665441,3.705328168012808,0.06,1.5,0.0,4.386184832540812,2.7066110124625325e-05,7.56263571272734,140069435.2648698,241506948.25644878,864.3353859251139,14.953872326445607,477540398.2633491,0.0022209312713667604,0.0011231936304984802,0.2933143159704485,0.0006514309366783198
CMR,4919.14166939977,4776.17502339118,29123744.0,42.2,Cameroon,SSA,LMICs,0.5426972877468083,0.8333333333333334,0.5,0.4033385932793022,0.06723599940744276,0.17505955321784536,0.5446579951658659,0.03939562807173608,0.694882022728834,3.705328168012808,0.06,1.5,0.0,7.7168750109248485,8.606514172332592e-05,11.330028995876695,224744292.2981725,329972863.98849,2506.539154873863,29.693492637886855,864785678.0517014,0.006036315811475711,0.0023032532415882176,0.25988438291959787,0.0015687442097731769
COD,1504.14374011806,2366.06396799477,109276265.0,44.7,"Congo, Dem. Rep.",SSA,LICs,0.4,0.5,0.375,0.32771689599153253,0.08847041737891008,0.09357661645361218,0.7288662472700009,0.037581139773624636,0.8630303625057251,3.705328168012808,0.06,1.5,0.0,11.887063024600423,0.000759841267959288,25.258788352676582,1298973849.1479375,2760186049.606,83032.61575545515,44.32583116088515,4843761272.282144,0.029469145786164046,0.01679280222958879,0.2681746221848635,0.007902877037315206
COG,6181.470532935719,6179.09575375705,6332961.0,48.9,"Congo, Rep.",SSA,LMICs,0.40199863103833433,0.6666666666666666,0.425,0.17760605179703118,0.1494981356686363,0.1373950572849796,0.5933330463584174,0.04511878484642958,0.756196439862729,3.705328168012808,0.06,1.5,0.0,52.808337705585394,0.0006056929655778211,103.83924199876009,334433143.1643018,657609869.8477099,3835.8299289786837,294.3677543919837,1864219508.2220113,0.04762099128735664,0.016798469141847464,0.17939579630473101,0.008543005652816002
COL,18503.6706011465,18663.3528780714,52886363.0,53.9,Colombia,LAC,UMICs,0.5172414705972652,0.8333333333333334,1.0,0.34146505174868186,0.13311532806564225,0.3619004552939608,0.43585834358158726,0.03241961039098461,0.465934825340389,3.705328168012808,0.06,1.5,0.0,104.3966862835624,0.00014386555197939903,131.09762710282214,5521161046.789601,6933276695.398489,7608.525805177866,362.1126104533239,19150818963.31208,0.019569771763602795,0.007084952490166965,0.2882989525078113,0.005641944700263629
COM,3567.51386511576,3554.22701083097,866628.0,45.3,Comoros,SSA,LMICs,0.26666666666666666,0.3333333333333333,0.3333333333333333,0.24532955097242454,0.08425664877534447,0.27516881865712545,0.5391283688308395,0.04511878484642958,0.574777515841956,3.705328168012808,0.06,1.5,0.0,25.7184274100227,0.00045210923756368435,46.630217544733675,22288309.30949315,40411052.17035746,391.8105243313406,96.33672654469875,83488104.6519792,0.02700388286832146,0.013070788035527537,0.26696389147175087,0.007209061655374442
CRI,26973.4361581028,24652.65374815,5129910.0,45.8,Costa Rica,LAC,HICs,0.665176892969537,1.0,1.0,0.43261932255359703,0.26718520930676065,0.4396432279498939,0.38498382577783385,0.06012159649292883,0.269521883663997,3.705328168012808,0.06,1.5,0.0,97.86575467193565,3.934446844700862e-05,112.54901605413265,502042513.54910934,577366322.9462556,201.833582130994,174.296270612125,894124181.5758462,0.006461774821365002,0.004172587259347861,0.5614908129028411,0.0036282271972433457
CYP,53255.5234375,47253.25,1358282.0,31.8,Cyprus,ECA,HICs,0.2915047815919911,0.8333333333333334,0.7083333333333334,0.1451910922152238,0.36631337571762557,0.5081241352247997,0.26299946308444455,0.054863694024147945,0.10515626606210599,3.705328168012808,0.06,1.5,0.0,348.6292593302974,4.294508597991664e-05,399.156144236622,473536847.6216749,542166605.9060075,58.33153727497313,527.7891561193609,716886510.5521177,0.00991050546594979,0.007495112590622953,0.6605464611922681,0.006546349314159763
CZE,47961.80951314829,46413.7086819405,10882164.0,25.7,Czechia,ECA,HICs,0.5393701498150425,1.0,0.925,0.19013098402060497,0.3890464892697892,0.4439798676453324,0.34914386387039587,0.07056640640528648,0.164905171448329,3.705328168012808,0.06,1.5,0.0,63.52065744258337,9.546654774018416e-06,75.10382905391897,691242211.6780128,817292184.792711,103.88826290225134,100.2754357116006,1091213736.5850945,0.0020907350395966817,0.0015659089975187434,0.6334617944246422,0.0013244007698493894
DEU,62829.796003119416,65408.3978267378,83510950.0,32.4,Germany,ECA,HICs,0.6063789838354662,0.8333333333333334,0.9166666666666667,0.21800234539705118,0.4648226718093608,0.6135782703431435,0.21425868956196448,0.042189103186940025,0.0862742215819687,3.705328168012808,0.06,1.5,0.0,96.56827736571192,8.036559858321711e-06,104.75250479941927,8064508582.6741,8747981190.679064,671.1407485003116,126.566467280009,10569685920.697468,0.0020144338408121703,0.0016672424783015123,0.7629846944536213,0.0015369821885291084
DNK,73709.0018358619,72119.6409650804,5976992.0,29.9,Denmark,ECA,HICs,0.6982914904907482,0.8333333333333334,0.9166666666666667,0.21172682437904242,0.5140918570734507,0.4982640737893044,0.24089112206849653,0.05265026900378911,0.0841889998659116,3.705328168012808,0.06,1.5,0.0,31.366255693276866,2.0762642779626316e-06,34.75184427032417,187475859.34867027,207711495.18897337,12.409814979268427,41.54927279560992,248339671.10517815,0.0005636933313536585,0.0004714735433225774,0.7549170799588821,0.00042554172369779845
DOM,24229.468122274502,23475.5796880476,11427557.0,39.0,Dominican Republic,LAC,UMICs,0.5853167226634055,0.6666666666666666,1.0,0.24862508642175815,0.17976363583201507,0.3784373985958009,0.42718064805669587,0.040212708898073185,0.42365559403910297,3.705328168012808,0.06,1.5,0.0,194.7931490198185,9.660631877363777e-05,240.90072356037322,2226009813.6334696,2752906749.8274083,1103.9742143459157,364.3521650758733,4163655134.4779515,0.015037563484149249,0.009942468499294447,0.5346287676903317,0.008039514034595845
DZA,15442.124446054198,15956.6764816144,46814308.0,27.6,Algeria,MNA,UMICs,0.8,1.0,1.0,0.21997907059240865,0.19512541349473161,0.258032662434242,0.28913242421369745,0.04511878484642958,0.320940198493035,3.705328168012808,0.06,1.5,0.0,47.196453941294216,5.046367770142499e-05,61.34958381942976,2209469331.3155613,2872038312.594601,2362.4221507272414,96.83658603165445,4533337764.154369,0.006270936772329815,0.003972871999170161,0.48738246437009247,0.003056344618007139
ECU,13935.5391125402,13945.6658791476,18135478.0,45.2,Ecuador,LAC,UMICs,0.563095812503476,0.6666666666666666,0.43333333333333335,0.18060502619358446,0.1810890906781567,0.19181950324260275,0.36272601756269335,0.044454248040304095,0.507938036477426,3.705328168012808,0.06,1.5,0.0,222.49750430198148,0.00029409363058026736,273.18322419044216,4035098594.3234897,4954308352.274832,5333.528567328566,483.8060340396281,8774053686.592926,0.03471742500469642,0.01960334810044143,0.4598898910875446,0.015966192804249834
EGY,16798.151577864,15804.9782194126,116538258.0,28.5,"Egypt, Arab Rep.",MNA,LMICs,0.6082203936160391,0.6666666666666666,0.4666666666666667,0.7411056618723808,0.12348817897940849,0.21380759965059817,0.23221834215971218,0.04230493200851568,0.260877691023584,3.705328168012808,0.06,1.5,0.0,12.775528114956646,9.064730604857107e-06,14.54125149655104,1488837791.5470715,1694612118.5479512,1056.3879139293338,19.73545509119258,2299935557.1648145,0.001174858733695394,0.0008656459271217066,0.6473389164792066,0.000760531779686509
ESP,48373.04556991849,47068.1645697859,48807137.0,33.4,Spain,ECA,HICs,0.6061794448483766,0.8333333333333334,0.7666666666666666,0.16670477850299206,0.4156147233998593,0.4163870952761186,0.37548703743449147,0.08124222162494125,0.151693384007829,3.705328168012808,0.06,1.5,0.0,50.05967494965113,8.78684542841431e-06,65.89089179725389,2443269413.443091,3215945783.000747,428.8607686224409,93.48418234905112,4562695295.24312,0.001932567636534874,0.0013621406512851267,0.5354881830461797,0.0010348671323019095
EST,41546.1201868122,40549.4142087389,1371986.0,30.7,Estonia,ECA,HICs,0.36610174501903453,0.8333333333333334,0.8333333333333333,0.2239238114723021,0.39343419177896555,0.41486276502996233,0.34984546134115013,0.0804251761077301,0.11108434247167401,3.705328168012808,0.06,1.5,0.0,24.025188995149346,4.492721997965029e-06,28.15505600441376,32962222.948698968,38628342.66727161,6.163951683100048,38.045671672495146,52198128.895259924,0.0009157454775902712,0.0006776819562889266,0.6314828451962431,0.0005782775596642969
ETH,2884.26460712345,2999.69061538126,132059767.0,31.1,Ethiopia,SSA,LICs,0.7333333333333333,0.8333333333333334,0.5083333333333333,0.4834511165692108,0.06726545662286088,0.053695653559263964,0.46990949604072907,0.04408660173729929,0.850948840976875,3.705328168012808,0.06,1.5,0.0,4.818575900178011,7.65164606872866e-05,7.886236435508958,636340010.6493235,1041454546.1802235,10104.745970027729,11.852433420770785,1565229595.930003,0.004109343293780357,0.002734227787572549,0.4065473923467651,0.0016706428003440711
FIN,55628.6815127631,55731.4370147575,5637214.0,27.4,Finland,ECA,HICs,0.6963851362078851,0.8333333333333334,0.8916666666666666,0.19991804595040583,0.5007850067930457,0.3960429164633453,0.37181313618402617,0.08410717275052312,0.131887241270814,3.705328168012808,0.06,1.5,0.0,18.78359053014788,2.182860289873339e-06,22.057205910948323,105887119.50681704,124341189.96208063,12.305250586118046,28.640070998291094,161450209.19256052,0.0005148436062019571,0.00039650779617862513,0.6558499988100122,0.00033766017851489594
FRA,54464.9816695754,54392.1901766941,68516699.0,31.8,France,ECA,HICs,0.5654372974328619,1.0,0.95,0.17668124683823622,0.4774170671441281,0.39907648884071745,0.35823675673697797,0.08070333614420362,0.12918804155201902,3.705328168012808,0.06,1.5,0.0,60.53383045167875,7.693666426733797e-06,71.6297914474994,4147578240.3747077,4907836860.041091,527.1446267669252,97.79336619105679,6700478635.509415,0.001795527386465366,0.0013151531360472745,0.6189973084003992,0.001111426619381265
GAB,18923.0900476678,17981.0846193804,2538952.0,38.0,Gabon,SSA,UMICs,0.4267726317339799,0.8333333333333334,0.5041666666666667,0.27297777313868626,0.06714035131572793,0.3287238494211822,0.3691610248631776,0.054230026607118335,0.33851037350200697,3.705328168012808,0.06,1.5,0.0,34.76839413740542,3.401915826786147e-05,49.923584524822935,88275283.8319538,126753584.77646825,86.37300992250343,88.55470644583498,224836149.04006562,0.004679717013593613,0.002638236376779057,0.39262051146509896,0.0018373528873890498
GBR,52517.9848574945,51736.1828004141,69226000.0,32.4,United Kingdom,ECA,HICs,0.642071262418551,0.8333333333333334,0.8500000000000001,0.21166971628155043,0.4117645828731346,0.4030566204098695,0.37708226607848244,0.08490876281113942,0.134187341614466,3.705328168012808,0.06,1.5,0.0,64.80962253725315,1.0407447430047587e-05,86.56059276656597,4486510929.7638855,5992243594.858296,720.4659557924742,125.2582403346013,8671126945.403109,0.0023850541995182155,0.001648208570862815,0.517408055263492,0.0012340462550707444
GEO,25000.632641698096,24167.4328171923,3673850.0,33.9,Georgia,ECA,UMICs,0.4799341211716937,0.8333333333333334,0.6416666666666667,0.26043967643408783,0.3816284648650732,0.14656076408035015,0.46732142617735006,0.08851428304960425,0.487384383924351,3.705328168012808,0.06,1.5,0.0,399.9655043449492,0.00017889626549832304,637.6560310655342,1469413268.137692,2342652609.7301126,657.2380450010141,707.1764223495976,2598060099.249069,0.02828634108922952,0.02550559580648369,0.5655809380862297,0.015998215328273495
GHA,7061.93402799185,6966.18464853549,34427414.0,43.5,Ghana,SSA,LMICs,0.5975740580549966,0.8333333333333334,0.47500000000000003,0.4015998812071467,0.11979893684929735,0.21790887597755157,0.6103278665999208,0.019518740573383528,0.711727725664695,3.705328168012808,0.06,1.5,0.0,3.600748856385767,1.8497675779264927e-05,5.506899100621761,123964471.58881938,189588295.1933331,636.8271420905262,10.977479813949541,377926242.2314838,0.001554457995562885,0.0007798004171086426,0.32801234139462004,0.0005098814067241698
GIN,4028.4834738089894,3797.7783583026,14754785.0,29.6,Guinea,SSA,LMICs,0.491227769978424,0.6666666666666666,0.6666666666666666,0.5326179953434279,0.09070336319342993,0.07578394442800246,0.5096362513164534,0.04511878484642958,0.818802860470411,3.705328168012808,0.06,1.5,0.0,6.615479448495354,7.458809257058542e-05,10.913575784491627,97609976.93446754,161027464.28138027,1100.5312694390852,19.071369508052843,281393956.74687546,0.004734131251138182,0.002709102781591576,0.34688014647831045,0.0016421761418423597
GMB,3030.9740835672906,2863.96740381559,2759988.0,38.8,"Gambia, The",SSA,LICs,0.6666666666666667,0.8333333333333334,1.0,0.5058967226596787,0.10449421372321886,0.14951729681772497,0.39904179045832633,0.01686327644300447,0.692398782635111,3.705328168012808,0.06,1.5,0.0,1.944271568380454,2.8850965389616846e-05,2.5992776129485278,5366166.197471231,7173975.020406581,79.62831826375783,4.8143059263988555,13287426.585189724,0.0015883692151972084,0.0008575717050966402,0.4038529329262602,0.0006414675661271747
GRC,37752.6321172664,37101.2201278838,10388805.0,33.4,Greece,ECA,HICs,0.5450174951544926,0.8333333333333334,0.6666666666666667,0.12470324872956334,0.37441217728509507,0.21374168590567783,0.46629106732067016,0.09998454160573288,0.309524457344361,3.705328168012808,0.06,1.5,0.0,958.2184190648622,0.00021722900742781532,1280.1510092374751,9954744303.073135,13299239205.521328,2256.749798511125,1593.450848971868,16554050147.053188,0.042207675587289537,0.033908920714749054,0.6013479610514044,0.0253814996551357
GTM,12640.8871117101,12682.1851933397,18406359.0,45.2,Guatemala,LAC,UMICs,0.4666666666666667,0.6666666666666666,1.0,0.3252414222281725,0.18313296405310134,0.3272831981160057,0.4436122333736616,0.0619556570891973,0.39540840734712296,3.705328168012808,0.06,1.5,0.0,88.98389593073976,0.00014796534440131886,126.31557072426472,1637869533.7198353,2325009742.0407066,2723.5032486093155,210.2937370250812,3870742019.1352367,0.016635995177132153,0.009992619157816079,0.423140970290175,0.007039371140994371
HND,6585.855357178611,6183.32922665544,10825703.0,45.7,Honduras,LAC,LMICs,0.2604377998089767,0.8333333333333334,1.0,0.24259264015249607,0.12549734466811446,0.28575215337564686,0.4072028868957749,0.04511878484642958,0.45651261560525297,3.705328168012808,0.06,1.5,0.0,126.75825145564723,0.0006473843128152156,167.29575621250498,1372247183.0581548,1811094169.916984,7008.390297396618,346.00346967650734,3745730799.6873746,0.0525373624094799,0.025402282184978735,0.3663496541643316,0.019247044549419116
HRV,42633.76668083291,43091.2323856226,3866300.0,30.1,Croatia,ECA,HICs,0.46871646681844575,0.6666666666666666,0.6333333333333333,0.20341490490168024,0.3162401312912516,0.338694482250907,0.34424365619965475,0.07859278469798574,0.135379286777243,3.705328168012808,0.06,1.5,0.0,214.42122123822446,4.7930647025110414e-05,275.14030429563456,829016767.6733474,1063774958.4982117,185.31426059318437,421.9333442507644,1631320888.8767302,0.009896694031504732,0.00645357719282474,0.5081874285593062,0.005029375491108623
HTI,2800.66106636594,2985.3943136635,11772557.0,41.1,Haiti,LAC,LMICs,0.5333333333333333,0.5,0.5,0.11433196860146515,0.13049444259456391,0.12021317322880969,0.5153874018032323,0.03946427362094979,0.754352409262302,3.705328168012808,0.06,1.5,0.0,159.7504851363676,0.003446528403225486,302.15538911647775,1880671692.04554,3557141541.230913,40574.45207909102,510.8256461191767,6013724035.999837,0.1823946682638074,0.10788716733529852,0.31272996246374335,0.057040277759727406
HUN,40702.1535135968,39108.9254267516,9562314.0,30.6,Hungary,ECA,HICs,0.6448860437011493,0.8333333333333334,0.7083333333333334,0.20937668409697455,0.4816070835837949,0.32176152478122655,0.4461153193506933,0.10822555077756467,0.122944560329107,3.705328168012808,0.06,1.5,0.0,84.2025354473947,1.7406098530829873e-05,108.07524883644967,805171083.5441186,1033449465.0022666,166.4425796667339,142.93135785213045,1366754524.228437,0.0035116411667108316,0.0026552710239360305,0.5891117016778528,0.0020687489034030182
IDN,14470.437202057801,13851.4910785419,283487931.0,34.9,Indonesia,EAP,UMICs,0.7011917233988042,0.6666666666666666,0.6333333333333333,0.1761408179006248,0.15168100557127026,0.3588491158525397,0.4948749779125366,0.019658918026157685,0.540456286515265,3.705328168012808,0.06,1.5,0.0,79.21434355094293,0.00010673769654559984,113.56251216796066,22456310358.780003,32193601613.657494,30258.848753417948,185.79768803097775,52671402164.485344,0.012839811640560243,0.007847897792045375,0.42634730491229605,0.005474219088534386
IND,9817.07082097048,9744.07793295972,1450935791.0,25.5,India,SAR,LMICs,0.7738320593043702,1.0,0.775,0.26808751560353083,0.06804529105697428,0.1152723731482714,0.5802280005607684,0.05739088408771864,0.7612658681171909,3.705328168012808,0.06,1.5,0.0,16.033359986467318,5.1983211158947295e-05,27.109721144449356,23263375854.352707,39334464692.511055,75424.30160162722,50.56336745829941,73364199558.73131,0.0051505554335301105,0.002761487783763323,0.31709438655742894,0.0016332122156252629
IRL,115337.16670137396,85924.0824714224,5380257.0,29.0,Ireland,ECA,HICs,0.5127947441090477,0.8333333333333334,0.8416666666666667,0.27491920622194305,0.5594564137496167,0.603479249299472,0.25408258440012854,0.04261023094157367,0.137488731291084,3.705328168012808,0.06,1.5,0.0,40.68608599951269,1.383828765192009e-06,47.062567260796584,218901599.00148013,253208706.94287166,7.445354400725661,54.20461596235128,291634764.4637522,0.0004699665989081867,0.00040804337930936833,0.7506018680728573,0.00035275780707233223
IRN,16224.0353445835,15066.2931691639,91567738.0,35.9,"Iran, Islamic Rep.",MNA,UMICs,0.5945261939061661,0.8333333333333334,0.8333333333333334,0.16736178418633862,0.28525173915382823,0.2692307587084607,0.49359605399067863,0.07948312004410854,0.42510849204283097,3.705328168012808,0.06,1.5,0.0,254.835509858046,0.00020967943245600996,352.94781580921045,23334711199.777973,32318633125.69004,19199.871335120617,433.3054565702667,39676800521.196556,0.026707625283553672,0.021754625671907474,0.5881197801549511,0.0157072827102244
IRQ,12725.043126039302,12194.7249857393,46042015.0,29.8,Iraq,MNA,UMICs,0.2611828188184946,0.5,0.36666666666666664,0.4073304239369676,0.11685537630025952,0.09751388832673874,0.2459847109945555,0.054230026607118335,0.31597308287550896,3.705328168012808,0.06,1.5,0.0,37.218090277505915,4.353832571773079e-05,42.233044265400906,1713595870.8282814,1944494457.5632524,2004.592245770647,62.49720832558476,2877497403.184698,0.004911355325601726,0.0033188920341636623,0.5955160442305674,0.0029247908953130702
ISL,65645.09485675402,61705.3991597158,404610.0,26.8,Iceland,ECA,HICs,0.6291541148918254,0.8333333333333334,0.8,0.2088920584384275,0.44168003274335965,0.4376993773772012,0.3307795698766461,0.07054490921198864,0.136835578997005,3.705328168012808,0.06,1.5,0.0,355.9722608893249,2.8524013920759253e-05,408.5973871240556,144029936.47842973,165322588.80426413,11.541101272478402,479.74898000227176,194111234.79871917,0.007308222816177588,0.006224339960444376,0.7419969103168063,0.005422678749510559
ISR,47338.84246242051,46968.0465951218,9974400.0,37.9,Israel,MNA,HICs,0.3037350504261213,0.6666666666666666,0.7416666666666667,0.2848230351273969,0.3428079185206339,0.47851180931815296,0.3668030447403407,0.08189336245083037,0.1169300809039,3.705328168012808,0.06,1.5,0.0,116.63261631562506,1.7495857032384687e-05,137.6172850298469,1163340368.1785705,1372649847.8017046,174.5106763838178,180.2028571922629,1797415378.7785072,0.003806659559437163,0.0029070690762895836,0.6472295619108126,0.002463782598998122
ITA,53115.13509965731,52778.0351591653,58986023.0,34.3,Italy,ECA,HICs,0.6623002024068627,0.8333333333333334,0.7,0.14345010664311653,0.4531204427119839,0.35120236993429926,0.44331839870191464,0.09388859071174686,0.213666291620479,3.705328168012808,0.06,1.5,0.0,412.4260193100658,6.529872467843882e-05,539.2030156386854,24327370660.82198,31805441482.132854,3851.71207575306,799.3410838098102,47149951554.45039,0.015049214923581498,0.01015158889508622,0.5159574900671509,0.007764755159452219
JOR,9520.250644974538,9136.54209984611,11552876.0,33.7,Jordan,MNA,LMICs,0.5705707672674138,0.5,0.43333333333333335,0.30982958107400826,0.2103589662609796,0.2714718518873347,0.418599140951006,0.10326043600983059,0.11704178616359301,3.705328168012808,0.06,1.5,0.0,21.433741019571432,5.1341901169204176e-05,30.147796213436045,247621352.21522233,348293751.32709616,593.1466178120708,47.69188851256374,550978474.1914734,0.005009520262761033,0.0031667019428054857,0.4494211004859877,0.002251384109396918
JPN,46097.4299773012,47902.5061712578,123975371.0,32.3,Japan,EAP,HICs,0.5890552972778644,0.8333333333333334,0.8083333333333333,0.21067857354295638,0.3991658195569025,0.3599670066204922,0.302326081040606,0.0713913450791218,0.0950253170182913,3.705328168012808,0.06,1.5,0.0,281.4767109141885,4.3994457181389994e-05,322.2657839989423,34896179663.44627,39953020131.87474,5454.229151006439,435.424672167976,53981935274.57819,0.009445747244095453,0.006990970736495048,0.6464418047620457,0.006106125895799184
KAZ,35905.441493890496,32268.45091455,20592571.0,29.2,Kazakhstan,ECA,UMICs,0.4874772623375023,1.0,0.7916666666666667,0.4992063423501769,0.30537308708782057,0.4312580152561505,0.37791848738101264,0.062387006794532185,0.2538945746248,3.705328168012808,0.06,1.5,0.0,101.36222158927339,3.2631499245809264e-05,138.01782776451196,2087308744.794845,2842141917.506484,671.9664650557736,222.01250372963023,4571808245.940175,0.006183255085929158,0.0038439250994308605,0.45656086880905433,0.0028230323140998204
KEN,5823.40759464391,5695.37403184006,56432944.0,37.7,Kenya,SSA,LMICs,0.6358429590097112,0.6666666666666666,1.0,0.44207779697977306,0.08239468731128079,0.15547282014632732,0.494061142827519,0.054561427479011125,0.6524706147265159,3.705328168012808,0.06,1.5,0.0,11.691814770784946,7.491452799811891e-05,18.471163086879045,659803528.2180797,1042382112.0967124,4227.647363304278,33.29138248086092,1878730723.2250051,0.005716821627165636,0.0031718822333281177,0.3511964328158052,0.002007727362504818
KOR,50414.208339176395,49571.0547938155,51751065.0,32.9,"Korea, Rep.",EAP,HICs,0.6918635585867663,1.0,0.9416666666666667,0.20279720920777902,0.3444934082173169,0.48660436482760683,0.30756481662007484,0.043371626725957006,0.23183467685124198,3.705328168012808,0.06,1.5,0.0,211.25022954948798,2.9722315442400944e-05,242.09109776238535,10932424360.680473,12528472136.222559,1538.1614784101948,336.4434414786699,17411306408.786343,0.006673583748754872,0.004802041046318656,0.6278922502428421,0.0041902915171897585
LAO,8610.90166279666,7620.24843935199,7769819.0,38.8,Lao PDR,EAP,LMICs,0.5617039206533438,0.3333333333333333,0.22916666666666666,0.2864886795282072,0.11916209766790149,0.06663548972114246,0.3999187133694805,0.04609281810161963,0.774701374900218,3.705328168012808,0.06,1.5,0.0,162.40991257430935,0.0005566915929504253,221.3016468083252,1261895624.5082078,1719473740.1026144,4325.392916046482,444.8233813547384,3456197160.094292,0.05165816528559311,0.02570017118700326,0.36511100670940333,0.01886096473218365
LBN,11330.2687387422,10327.5677287268,5805962.0,35.3,Lebanon,MNA,LMICs,0.3565122472738893,0.5,0.25,0.17788026340875157,0.16329846105572335,0.318873755096995,0.5534022183665298,0.11323436092739517,0.295626515170066,3.705328168012808,0.06,1.5,0.0,101.92789927491216,0.00020375578062690764,167.47012522780926,591789509.9299675,972325183.2079017,1182.9983196001622,245.7368319227118,1426738708.1436515,0.02168852633498891,0.014780772556185682,0.4147847861364557,0.008996070757473263
LBR,1658.2599942501001,1443.67262728265,5612817.0,35.3,Liberia,SSA,LICs,0.6333333333333333,0.6666666666666666,0.6666666666666666,0.2623024378712349,0.08945030395611799,0.11646021057686802,0.5289249136859202,0.024319685124255454,0.790264840152927,3.705328168012808,0.06,1.5,0.0,7.128116567520917,0.0003399584461074337,13.257333670211871,40008813.84816305,74410987.79883759,1908.1245456053875,22.956452183944677,128850365.0777318,0.013843698975760472,0.007994725625764804,0.3105060185435009,0.004298551850878126
LKA,13752.836740386,13379.2997442946,21916000.0,37.7,Sri Lanka,SAR,LMICs,0.5388648938202181,0.6666666666666666,1.0,0.34732239754243355,0.15504404319343557,0.3777451731220884,0.40887461654511603,0.037108988831520764,0.41806466176950896,3.705328168012808,0.06,1.5,0.0,66.72726216209449,9.522216588926998e-05,97.04977216424497,1462394677.544463,2126942806.7515929,2086.888987629241,153.57710859372554,3365795911.9400887,0.011166940427841878,0.007056709389943728,0.43448703243017467,0.004851890807817563
LSO,2637.91651023395,3044.23213592819,2337423.0,44.9,Lesotho,SSA,LMICs,0.4,0.3333333333333333,0.24166666666666664,0.21715833947341423,0.2323119982257204,0.239426927373912,0.25929021657647594,0.029394571050432403,0.385770775891706,3.705328168012808,0.06,1.5,0.0,16.17989767373351,0.00023404462899983002,21.232099486737997,37819264.96023119,49628397.6785896,547.0612988506697,31.709562364190568,74118660.38999341,0.012020684597549423,0.008048814056232196,0.5102529479247995,0.006133589751973825
LTU,47169.0084190287,43616.2619023607,2888055.0,36.0,Lithuania,ECA,HICs,0.30008560690056596,0.8333333333333334,0.8,0.2598650358328045,0.3188746827745659,0.5120896677314666,0.273815269177786,0.05529676262223857,0.118625059815295,3.705328168012808,0.06,1.5,0.0,49.285906394147034,6.76246569817877e-06,55.606062774618614,142340408.3911483,160593367.62655115,19.530372871953688,69.27717908117351,200076303.4312786,0.001468701196042655,0.001178868596953297,0.7114306189690216,0.0010448790009811683
LVA,38936.0453870454,37768.6122626232,1862441.0,34.0,Latvia,ECA,HICs,0.24530640611584603,0.8333333333333334,0.7833333333333333,0.13433888017759493,0.32237850520046923,0.387117320037087,0.397376059694321,0.09109197438552696,0.133903184257445,3.705328168012808,0.06,1.5,0.0,121.08465632479711,2.579563255706342e-05,151.52988816452478,225513028.41021144,282215476.44302565,48.042843695209754,198.1864421562397,369110555.51590925,0.005090050624971258,0.003891763702713913,0.6109633686715076,0.0031098344765409527
MAR,9065.9140625,8955.1123046875,38081173.0,39.5,Morocco,MNA,LMICs,0.6986300833767103,1.0,1.0,0.20080164161649414,0.1663996049185036,0.36174036588252895,0.42247584806724636,0.049071751516723765,0.39949068913289104,3.705328168012808,0.06,1.5,0.0,37.36267592613758,0.0001293288488858694,54.35789466228405,1422814525.6861804,2070012390.5502157,4924.99426831365,111.63819576659759,4251313446.3956704,0.01231405846084233,0.005995853731630721,0.3346764579056067,0.004121225468117278
MDA,16465.928687609696,17329.513294551,2389275.0,26.8,Moldova,ECA,UMICs,0.4660296594661768,0.5,0.375,0.4075954431814228,0.47968830600334234,0.20760796026187567,0.5882448654301604,0.07807859827216652,0.590149834721299,3.705328168012808,0.06,1.5,0.0,101.34865062448404,9.401430528423497e-05,145.48344963301764,242149797.22081417,347599969.1219282,224.62602925799047,198.64300958653146,474612776.72985995,0.0120638813245928,0.00883542327876661,0.5102049693842121,0.006155052201868638
MDG,1657.0497062251002,1573.90927049096,31964956.0,36.8,Madagascar,SSA,LICs,0.6,0.5,1.0,0.4516007373953485,0.0961287870004553,0.04548529032954654,0.5274630035263429,0.04333341935873191,0.889701546595027,3.705328168012808,0.06,1.5,0.0,6.596737203875943,0.00030827653757190476,11.412749343561124,210864414.46545756,364808030.6059602,9854.045959318282,20.794274689205547,664688075.492369,0.01254897460896129,0.006887391066596508,0.317238148599641,0.003981013471770783
MEX,22033.2744496619,22442.6274582049,130861007.0,43.5,Mexico,LAC,UMICs,0.45896844343331944,0.8333333333333334,0.7083333333333334,0.23087021820623913,0.16693555653805311,0.36839619696653125,0.3913563416744737,0.06020853451471967,0.31353913594230504,3.705328168012808,0.06,1.5,0.0,64.94076729366057,4.6517879343178766e-05,82.98891128476086,8498214203.401087,10860012500.557468,6087.376534352872,152.13827020723858,19908967242.55734,0.006904932381013986,0.0037665264631619164,0.4268535931504942,0.002947395197297017
MKD,24465.391930675098,23759.7560846465,1792179.0,33.5,North Macedonia,ECA,UMICs,0.48001441815385143,0.6666666666666666,0.4833333333333333,0.2633828630982844,0.26604537848747234,0.2371753534475895,0.4568573884185841,0.11116823560458641,0.159304270103509,3.705328168012808,0.06,1.5,0.0,157.66658882887097,7.614639961960825e-05,197.98324030564874,282566749.50073713,354821405.62773716,136.4679783238699,291.3920104648504,522226641.9228851,0.011910375737717017,0.008092379671114699,0.5410806856967335,0.006444474271069662
MLI,2910.81542295398,2854.53769916482,24478595.0,35.7,Mali,SSA,LICs,0.5736654482148582,0.6666666666666666,0.4083333333333333,0.6798061699455986,0.14886405179257137,0.06336138152409847,0.5321666091555078,0.04333341935873191,0.854329412430454,3.705328168012808,0.06,1.5,0.0,3.3463372250128116,5.3783884621996196e-05,5.616338851606649,81913633.66451249,137480084.13124424,1316.5539291885732,8.446449068507189,206757205.93611473,0.002901746707091268,0.0019294726856665563,0.3961827269508697,0.0011496219233361252
MLT,60473.25807151139,51845.8605815574,574346.0,34.6,Malta,MNA,HICs,0.575217762675083,0.6666666666666666,0.7083333333333333,0.28775624634153857,0.37087757054639586,0.4779130961667169,0.32611710034462815,0.06498171482190516,0.151510478186655,3.705328168012808,0.06,1.5,0.0,64.74807149385414,9.310251756208332e-06,78.97814566833578,37187795.87020915,45360782.05202598,5.347305855171231,138.45430880507064,79520678.4449571,0.0022895129718551693,0.001306001167903701,0.4676493787204033,0.0010706893188603742
MMR,5276.29433987853,5096.69887498233,54500091.0,30.7,Myanmar,EAP,LMICs,0.4180693914260636,0.5,0.5,0.34198358432077974,0.10698830455615416,0.18011469149850054,0.5099883783880743,0.04768124855947201,0.64919218975476,3.705328168012808,0.06,1.5,0.0,143.19512594712998,0.0009603377641068174,267.56527241831594,7804147394.875044,14582331695.23801,52338.4955345581,368.05907432023923,20059253043.8288,0.06975711562155053,0.05071083134919948,0.38905473587791345,0.02713933619374741
MNE,27853.642950592097,28426.8714996308,623831.0,34.3,Montenegro,ECA,UMICs,0.4799341211716937,0.8333333333333334,0.5791666666666667,0.3178534786705985,0.3294896408611892,0.3761480821708673,0.3264402122890876,0.06470276914072502,0.187310087406685,3.705328168012808,0.06,1.5,0.0,145.01142467722806,5.843419103657136e-05,173.6315940495642,90462622.06781986,108316770.9475337,36.453059828535345,271.637698581247,169456017.1436379,0.009752322131187248,0.00623371220624745,0.5338413093418809,0.005206192415636803
MNG,16801.3067931352,16830.1515862536,3524788.0,31.4,Mongolia,EAP,UMICs,0.38223813366532067,0.8333333333333334,0.5583333333333333,0.22914325221774237,0.3455705831103114,0.2738433788427058,0.3398901677363303,0.042932431072780476,0.397689458904874,3.705328168012808,0.06,1.5,0.0,64.02520036540368,5.01594830012751e-05,83.65239713024977,225675257.94557047,294856965.5759388,176.80154376909846,109.23646682233729,385035387.4177726,0.006501664910194362,0.004978922066016261,0.5861156281220132,0.003810727412677421
MOZ,1495.3224081402,1450.29525689311,34631766.0,49.6,Mozambique,SSA,LICs,0.7136908668824892,1.0,0.5833333333333334,0.3294826964673195,0.0648100824780345,0.06392833786707176,0.4358046222756795,0.019377585753456633,0.8506112153602661,3.705328168012808,0.06,1.5,0.0,3.2022787363192364,0.00018834102965514845,4.819429862747634,110900567.8629835,166905367.26008815,6522.582467216161,10.890484533549861,377156711.99251795,0.007283034397307567,0.0032230038395143,0.29404373390863464,0.0021415306283693396
MRT,6396.99125827366,5804.6754007324,5169395.0,32.0,Mauritania,SSA,LMICs,0.6666666666666667,0.6666666666666666,1.0,0.22076578577680425,0.12279746051896867,0.27644202719339844,0.5365946926380437,0.04371275734127401,0.575401313050379,3.705328168012808,0.06,1.5,0.0,20.553308322098022,0.00011456712309146659,36.069261593274945,106248169.2737119,186456260.53396752,592.2427132734118,58.617007538675566,303014465.6853918,0.009163215201030991,0.005638472859662602,0.35063728404314953,0.0032129648911924094
MUS,27317.185283655,25275.1876485484,1259509.0,36.8,Mauritius,SSA,UMICs,0.5742250470100161,0.8333333333333334,0.6916666666666667,0.32153921983997297,0.27826793257581356,0.4007383729691496,0.26006505830102644,0.04568190704020796,0.18472384808344,3.705328168012808,0.06,1.5,0.0,217.03828325230262,7.948405839587804e-05,250.8097387687249,273361671.1008244,315897123.266858,100.11088690613396,358.86735707153434,451996666.03781116,0.013137054690852776,0.009181390255415324,0.6047869191096129,0.00794511883265534
MWI,1635.85689673716,1636.88804609079,21655286.0,38.5,Malawi,SSA,LICs,0.8,0.6666666666666666,1.0,0.9707059348850776,0.11144759345517934,0.1291782604475657,0.4116157216788688,0.055098227545927636,0.6162683457754661,3.705328168012808,0.06,1.5,0.0,3.383756105991794,0.00012097239387239907,4.90074866390083,73276206.22949862,106127113.93089035,2619.6917874114492,8.003947637388194,173327775.21666563,0.004892816513078052,0.0029958296924845586,0.4227608999071318,0.0020684915121493516
MYS,34071.9449554711,32999.563739747,35557673.0,40.7,Malaysia,EAP,UMICs,0.7205719607313039,0.8333333333333334,0.7583333333333333,0.24949212698674084,0.153987752860653,0.3721326105260076,0.1804735341960749,0.010348387574992625,0.276375407385757,3.705328168012808,0.06,1.5,0.0,63.73574084926233,1.564382876861622e-05,68.76964586220137,2266294631.530812,2445288579.893959,556.2581478224482,98.38716390896327,3498418601.672318,0.002887629809144921,0.0020183657244127674,0.6478054485668111,0.0018706223238080205
NAM,10281.3356370344,10708.5722585034,3030131.0,59.1,Namibia,SSA,LMICs,0.6244079980796371,0.6666666666666666,0.5333333333333333,0.312294397553134,0.12106035603597701,0.31883547239962073,0.3434217696549875,0.0373665666691797,0.39130518080585297,3.705328168012808,0.06,1.5,0.0,9.353455238951689,2.654482099820749e-05,11.52054819079067,28342194.67665992,34908770.209908724,80.43428499611946,27.67286386709678,83852402.66246983,0.0026915631240960903,0.0011205303082697253,0.3380009847868695,0.0009097509865605016
NER,1772.7245118612798,2089.6357920904,27032412.0,32.9,Niger,SSA,LICs,0.6666666666666667,0.6666666666666666,0.4083333333333333,0.23278847187557952,0.12239436960101292,0.06275824744172463,0.631820332317084,0.013430885068479387,0.902672135245963,3.705328168012808,0.06,1.5,0.0,10.100747659965611,0.00040740677639397154,21.68760174600412,273047572.25222635,586268185.6899029,11013.187831073714,30.408158693185804,822005873.9555802,0.017153347003285146,0.01223405080760864,0.3321722884269575,0.005697866528262921
NGA,5665.45157716197,5384.77783291057,232679478.0,33.9,Nigeria,SSA,LMICs,0.5289779172613325,0.8333333333333334,0.5416666666666667,0.33211773435943276,0.08153520349075809,0.07787672814626506,0.5519366621745357,0.032357058393840614,0.8472765376212721,3.705328168012808,0.06,1.5,0.0,7.745640554542324,5.6311383797173455e-05,12.739846478644864,1802251601.0065384,2964300828.4512243,13102.503387383978,24.013087191034767,5587352592.778456,0.004238512475834061,0.0022486903833051053,0.32255913173188916,0.0013671709040398146
NIC,7661.60202722818,7785.76927506026,6916140.0,46.2,Nicaragua,LAC,LMICs,0.5839488873340655,0.6666666666666666,0.4666666666666667,0.26510141584931673,0.1522346863979603,0.2938117184885567,0.38871181023114343,0.04511878484642958,0.429872216086372,3.705328168012808,0.06,1.5,0.0,57.61768097122264,0.00018976045724724004,74.887615866987,398491948.07231176,517933235.60230345,1312.409888785927,127.25800252370776,880134161.5743161,0.016609842441757217,0.009774406919185791,0.45276273262648964,0.007520317652425443
NLD,70901.8384173158,70376.0113936909,17994237.0,25.7,Netherlands,ECA,HICs,0.6848459183373843,0.8333333333333334,0.9166666666666667,0.2157709406280088,0.48499550955564374,0.445246355632305,0.2974947475386566,0.05653754835610681,0.165034079958082,3.705328168012808,0.06,1.5,0.0,69.38973932448438,5.9563201404074125e-06,85.34772009424482,1248615414.7729917,1535767102.7855036,107.17943625436423,112.45124716458194,2023474392.4250655,0.001586013136961465,0.001203744811127507,0.6170650933104068,0.0009786733443506574
NOR,91108.2369704645,110848.884305355,5572272.0,26.5,Norway,ECA,HICs,0.7135282568782568,1.0,1.0,0.23773524714427238,0.5526897861136881,0.562310864434602,0.1894877552406183,0.043874158165330475,0.045686030705137305,3.705328168012808,0.06,1.5,0.0,35.163268470218654,1.5066333378412185e-06,37.092272336599535,195939296.32508224,206688230.5576082,8.395370762719162,41.43277647960002,230874700.25953376,0.00045476433149542467,0.00040712314901477156,0.8486824069714893,0.0003859504874583173
NPL,5046.81592972946,5070.94516128461,29651054.0,30.0,Nepal,SAR,LMICs,0.543613903690862,0.6666666666666666,1.0,0.31064782597856616,0.30266492850303744,0.1008238630090201,0.6717307393885494,0.07133996911835357,0.8016124188899749,3.705328168012808,0.06,1.5,0.0,60.09352051531613,0.0004611034767937643,115.12094095654662,1781836221.8497462,3413457236.8333755,13672.204089999654,165.319694731719,4901903195.7537155,0.03275722693943806,0.02281060822496013,0.36349885966603046,0.01190721463830711
PAK,5530.99612925916,5606.17604522018,251269164.0,29.6,Pakistan,MNA,LMICs,0.5128272667527066,0.8333333333333334,0.5083333333333333,0.6522309077626153,0.16331691342241061,0.2333752040599035,0.43922990819192115,0.03467429736017061,0.571100379312102,3.705328168012808,0.06,1.5,0.0,25.73065397327168,0.00015829794211285413,36.26261429909077,6465319913.037254,9111676779.386986,39775.39157761726,65.11488844191946,16361363582.754366,0.011772723560130418,0.006556253783520168,0.39515776789240226,0.0046520831640354315
PAN,36426.007943644996,34663.772926628,4515577.0,49.7,Panama,LAC,HICs,0.44902131420840696,0.8333333333333334,1.0,0.24867076843824124,0.18239864617348045,0.3494698618187214,0.45857083074121663,0.06367613499735653,0.38914519253997,3.705328168012808,0.06,1.5,0.0,152.13494599497483,4.732471726972117e-05,183.78751508166397,686977063.0311505,829906675.989915,213.6984048346557,329.0071945760612,1485657320.6621866,0.009032205645072915,0.0050455025257229195,0.4624061373217286,0.004176547323833679
PER,15661.7497711956,15022.326236543,34217848.0,40.1,Peru,LAC,UMICs,0.4081936571991137,0.8333333333333334,1.0,0.2774178440794039,0.12122330957639166,0.28266556128174314,0.42939181194133075,0.03122245924575337,0.526021514684753,3.705328168012808,0.06,1.5,0.0,82.38837611215368,0.00011503640510647438,107.58389241413379,2819152930.7725058,3681289277.875183,3936.2982243997635,225.47361242058028,7715221797.818328,0.014396450953089635,0.006869212826525765,0.3654014109574519,0.005260483491038705
PHL,10375.9404179938,11579.5326713361,115843670.0,39.3,Philippines,EAP,LMICs,0.7435303007378833,0.6666666666666666,1.0,0.3459349526152716,0.36256174499046384,0.3769440839198578,0.3897594816645219,0.0460934893994559,0.36745015142239096,3.705328168012808,0.06,1.5,0.0,126.73795112899859,0.00021499768174894755,159.40458475968677,14681789387.063843,18466012113.38818,24906.120495290103,227.23487247524665,26323721579.514557,0.02190017129253936,0.015362904791092454,0.5577398827409491,0.012214598968707602
POL,45112.5993993196,43043.7502844657,36554707.0,28.5,Poland,ECA,HICs,0.45110590521357724,0.8333333333333334,0.775,0.42158623054222205,0.398206134104147,0.45028089678839806,0.29573029654386285,0.04961261638349901,0.199045213380914,3.705328168012808,0.06,1.5,0.0,29.39222465504014,4.523932668007304e-06,32.84447937646218,1074424160.343168,1200620320.1741176,165.3710331667353,43.347385732915555,1584550984.6827083,0.0009608709387198231,0.0007280555723631734,0.6780622212407459,0.0006515302830340439
PRT,41883.8514202164,42037.3623562572,10701636.0,33.9,Portugal,ECA,HICs,0.598726219230438,0.8333333333333334,0.7416666666666667,0.1251835191172326,0.38223386567817097,0.3821316946845563,0.3769567511880185,0.08417263532430964,0.14550388774012699,3.705328168012808,0.06,1.5,0.0,44.87403235950013,9.050519827429103e-06,56.53354297574106,480225560.16359144,605001398.7167376,96.85536880392908,77.57886823750003,830220809.1696869,0.001852238168337462,0.0013497694471443372,0.5784311292364143,0.0010713922153262258
PRY,16296.2836189267,14943.4653092085,6929153.0,44.2,Paraguay,LAC,UMICs,0.4804687854724018,0.8333333333333334,0.6583333333333333,0.32039027475084436,0.09851573712759419,0.3398007708538281,0.4240770449495639,0.04987365141985839,0.41320538964087,3.705328168012808,0.06,1.5,0.0,44.65422852200028,6.007129071080615e-05,58.962438233854556,309415981.52590376,408559755.775428,416.2431642426546,124.96828940842552,865924397.4592599,0.0076685146338080325,0.0036181524335631267,0.3573244759401311,0.002740147972764682
ROU,40610.7541380693,40955.8939476654,19069340.0,29.8,Romania,ECA,HICs,0.4036449922733403,0.8333333333333334,1.0,0.3181439389878922,0.4612372961476078,0.4003447805486069,0.39807153675802964,0.07552940076959289,0.227960963680757,3.705328168012808,0.06,1.5,0.0,131.55737852822267,2.7438765678798055e-05,157.94352905731387,2508712380.6633773,3011878856.393797,523.239151909331,224.55676982235906,4282149393.0443044,0.005529490268979153,0.0038892045323840607,0.5858535399858764,0.0032394714483988925
RUS,41704.71093749999,38938.79296875,143533851.0,33.0,Russian Federation,ECA,HICs,0.38012716921762624,0.8333333333333334,0.7,0.2324524602368638,0.27473346113386404,0.3960001059964115,0.3418783008173147,0.08473331132869957,0.0658473099479725,3.705328168012808,0.06,1.5,0.0,85.14324917299108,2.0383083913125998e-05,108.06745200010467,12220938440.451975,15511337553.332672,2925.6625293071243,173.5991384278196,24917352868.827034,0.004162578627819308,0.0025912528721769106,0.4904589385873743,0.0020415738955867468
RWA,3264.64451474392,3277.63302263633,14256567.0,39.4,Rwanda,SSA,LICs,0.8,0.6666666666666666,1.0,0.585174807157438,0.08793525685313032,0.16894691143011337,0.2780990988576306,0.04303357030172615,0.412547595958113,3.705328168012808,0.06,1.5,0.0,15.939231572183495,0.00020850621144157243,23.232189604972273,227238722.83734936,331211267.6599907,2972.5827733329434,38.89312544552545,554482448.7535384,0.01191343353613992,0.007116299952429772,0.4098213087685207,0.004882378923707647
SDN,1871.58911132813,1831.03149414063,50448963.0,34.2,Sudan,SSA,LICs,0.6666666666666667,0.6666666666666666,0.6666666666666666,0.6196936360546678,0.09291300670361981,0.3088152734156722,0.429201281295605,0.04333341935873191,0.465210501982334,3.705328168012808,0.06,1.5,0.0,16.18034524442182,0.0005627154540983432,24.960952992870425,816281638.5630623,1259254193.9820595,28388.411123335514,45.56219173506381,2298565325.04114,0.02434412097147309,0.013336769722472611,0.35512657816172893,0.008645244378954423
SEN,4495.89489345838,4264.48878673377,18501984.0,36.2,Senegal,SSA,LMICs,0.5152567271479656,0.6666666666666666,0.5208333333333333,0.3456410886964015,0.16978350810200632,0.13648205907467753,0.535154535597997,0.06019988393771811,0.695743915796617,3.705328168012808,0.06,1.5,0.0,2.050677058314616,2.523568483329516e-05,3.3367624191215377,37941594.12210409,61736724.89038798,466.9102370146696,7.607453725006061,140752987.10080254,0.0016920888733575742,0.0007421798102924061,0.26956155534327386,0.00045612210848131567
SLE,3092.8305770948,2887.17023686082,8642022.0,35.7,Sierra Leone,SSA,LICs,0.5491767239521866,0.6666666666666666,0.6666666666666666,0.944750855404646,0.039823842753371905,0.04031409359620812,0.5028954791376767,0.04333341935873191,0.894643625081441,3.705328168012808,0.06,1.5,0.0,3.074773537479572,5.186086501209464e-05,4.644268146772671,26572260.555916287,40135867.49830866,448.1827363735522,8.920186854459024,77088451.04034568,0.002884149853057278,0.0015016238461840314,0.34469833285415474,0.000994161646050399
SLV,11669.081713564397,10825.6115016267,6338193.0,39.8,El Salvador,LAC,UMICs,0.6260676719994388,0.6666666666666666,1.0,0.30212378059748374,0.12333806877081535,0.3555615694785341,0.3909922132727772,0.050735042286242996,0.363436068453801,3.705328168012808,0.06,1.5,0.0,87.54104811784045,0.00013549637171008722,112.29998316351733,554852058.3931595,711778967.1871233,858.8021546982728,170.79796325570265,1082550455.1215518,0.014636795546402194,0.009623720693718115,0.5125415224465072,0.0075019654730912365
SRB,26886.0087460398,25764.6747156874,6587202.0,32.8,Serbia,ECA,UMICs,0.5111993892256985,0.6666666666666666,1.0,0.2280092387089795,0.3689239528431307,0.3930208643168202,0.43964182569600785,0.0793107982213091,0.270549284494911,3.705328168012808,0.06,1.5,0.0,249.9511446335978,0.00011455420776793171,332.29333855893907,1646478679.832724,2188883344.34212,754.5917065173353,505.0106646935534,3326607260.4907045,0.018783400298043103,0.012359340566229808,0.49494230935750877,0.009296699521099972
SVK,40346.5748138478,38089.3809910381,5422069.0,23.8,Slovak Republic,ECA,HICs,0.5623022545867079,0.5,0.6333333333333333,0.21839330687198988,0.3454500100187465,0.3358324260743949,0.45185630834046553,0.1057950492728843,0.151259665024365,3.705328168012808,0.06,1.5,0.0,59.90785130286497,1.71850980815463e-05,84.0130835041544,324824503.40587384,455524735.6622869,93.17878756991168,139.27142605569233,755139281.8023616,0.0034518773080061166,0.002082285395768449,0.4301517762797145,0.0014848311555384702
SVN,48495.88968708099,47427.8732753114,2126324.0,24.7,Slovenia,ECA,HICs,0.6681934502451844,0.8333333333333334,0.8,0.15744270973287583,0.4318080174614565,0.47439023520562273,0.29285071235785887,0.0577374741824145,0.142623818109898,3.705328168012808,0.06,1.5,0.0,383.4223818022266,5.0345826416625725e-05,441.6201004369,815280212.5632373,939027418.4413908,107.05153900950528,537.6762715229817,1143273960.3698325,0.011087048304347643,0.009106340831902397,0.7131101038105567,0.007906286167266005
SWE,63258.90799240021,65070.6176453437,10569709.0,29.3,Sweden,ECA,HICs,0.5999160592339046,0.8333333333333334,0.9166666666666667,0.22170190067143244,0.49379056559921203,0.5105751139047239,0.24165467498860688,0.04878694761237784,0.106539779128754,3.705328168012808,0.06,1.5,0.0,26.104704630510287,2.2056449324085613e-06,28.659005110194677,275919131.4754462,302917344.2442706,23.313025092883162,35.09280930110736,370920782.30519813,0.0005547488948959305,0.00045304299457141607,0.7438761715120525,0.0004126644840857268
SWZ,10367.2682554184,9756.06698089589,1242822.0,54.6,Eswatini,SSA,LMICs,0.6,0.8333333333333334,0.5416666666666667,0.31404057961183984,0.20829059007857822,0.2554475478992411,0.2795008683033733,0.0385385778508665,0.34859791499088094,3.705328168012808,0.06,1.5,0.0,29.746863067957616,5.905519842074446e-05,39.113823758898434,36970055.85184522,48611520.67168167,73.39509981166647,62.338254442921226,77475354.06326024,0.006012987501344962,0.0037728187209254277,0.4771847292451016,0.0028693058127834755
TCD,2605.77164183974,2451.40860241569,20299123.0,37.4,Chad,SSA,LICs,0.6333333333333333,0.6666666666666666,0.6666666666666666,0.5538995526753602,0.06372755162815906,0.045404987642817314,0.6384298699828655,0.04581768666036926,0.911674668000304,3.705328168012808,0.06,1.5,0.0,5.451598165045045,0.0001068420012283789,10.113207469775384,110662661.69882365,205289242.35348934,2168.798924501014,14.21171678642553,288485387.0888166,0.005453937926959595,0.003881079718342167,0.3835988464287577,0.002092124297275751
TGO,2849.60384966171,2776.57404669686,9515236.0,37.9,Togo,SSA,LICs,0.23100590589337763,0.5,0.3875,0.3975163837569679,0.09148530241816007,0.0453894187911673,0.4211545819342449,0.05734456171286325,0.82134622118878,3.705328168012808,0.06,1.5,0.0,3.1007183445463493,5.481296457687125e-05,4.982854449181318,29504066.817887824,47413036.03761024,521.55829380857,8.337964177062949,79337696.90429975,0.00292600818112061,0.0017486130395889437,0.3718795474171225,0.0010881225981339301
TJK,4755.93296704719,7500.20928238403,10590927.0,36.1,Tajikistan,ECA,LMICs,0.5838001143080322,0.6666666666666666,1.0,0.10886153287159044,0.20566812990314676,0.295474303379935,0.11260758135576128,0.0009007085242650437,0.269973206281708,3.705328168012808,0.06,1.5,0.0,241.83337424740824,0.0009470975372364642,263.06795313127793,2561239612.817981,2786133487.652786,10030.640878751175,310.63350318511294,3289896755.9877987,0.06531494563473118,0.05531363771399171,0.7785167142878813,0.050848776869442516
TUN,12713.5498473821,12626.0328745436,12277109.0,33.7,Tunisia,MNA,LMICs,0.394376725177459,0.6666666666666666,0.4458333333333333,0.4027351818419936,0.19334405731125892,0.37983965452842217,0.29716728256547564,0.04511878484642958,0.25496368342833997,3.705328168012808,0.06,1.5,0.0,28.730757601826475,4.273215496317781e-05,35.52852522982912,352730642.7302022,436187576.85586214,524.6273242878251,61.25690352753395,752057681.6100188,0.004818237570378316,0.0027945401289432114,0.46902072986618537,0.0022598533019275134
TUR,35294.3936777926,30929.7318407593,85518661.0,44.5,Turkiye,ECA,UMICs,0.5962344510255896,0.8333333333333334,0.5916666666666667,0.23191721266739587,0.24793292753332113,0.5215057173273397,0.29916697714991153,0.024367017845210618,0.285985075058983,3.705328168012808,0.06,1.5,0.0,387.68217866637923,0.00010547949553083139,457.4987423020825,33154060813.11152,39124679850.85816,9020.465220752185,699.4016175382247,59811889833.103096,0.019816224183454145,0.012962362988259602,0.5543055219559756,0.010984242489206176
TZA,3713.26293945313,3646.03955078125,68560157.0,40.5,Tanzania,SSA,LMICs,0.6578896413368731,0.6666666666666666,1.0,0.33928612187221824,0.059817940503309054,0.08265366850689854,0.5792825412435583,0.024608428971162277,0.855185101977619,3.705328168012808,0.06,1.5,0.0,15.514802643004478,0.00027720988875117074,27.415244846653092,1063697305.0284019,1879593490.8799767,19005.553494732798,62.725231551614314,4300451723.040031,0.01689221382228649,0.007383060476371939,0.2473454821802915,0.004178212772966036
UGA,2881.8659466842996,2733.47717362525,50015092.0,42.7,Uganda,SSA,LICs,0.5970655828189557,0.8333333333333334,0.5666666666666667,0.5221099997715624,0.07606333698284565,0.10105460070017162,0.6332490126829591,0.05123503554496229,0.814395150430606,3.705328168012808,0.06,1.5,0.0,6.914747302378249,0.00018592188134435497,12.357570537673155,345841722.4852,618065027.3382124,9298.900000250997,28.763462743777737,1438607235.3686159,0.009980846880428714,0.004288044886991023,0.24040037751970883,0.002399399358021471
UKR,16319.8447265625,16973.224609375,37860221.0,25.6,Ukraine,ECA,UMICs,0.22504385779462738,0.6666666666666666,0.375,0.08886634939539849,0.42046671837648064,0.4975462829263147,0.2857491333689617,0.04506238860392384,0.192720230501339,3.705328168012808,0.06,1.5,0.0,353.90773354841855,0.00026981448388523207,469.45242687831023,13399025005.752241,17773572630.599167,10215.235988895822,562.5217159165271,21297196481.898933,0.03446857034129471,0.028765741019227974,0.6291450152671707,0.021685729213611407
URY,32038.772728822696,28850.6485889482,3386588.0,40.0,Uruguay,LAC,HICs,0.5714973299953743,0.6666666666666666,0.6333333333333333,0.22444330821553823,0.2798199586523297,0.3020776440140309,0.37254253852148334,0.06667021763374294,0.293526339692597,3.705328168012808,0.06,1.5,0.0,25.095468456229753,1.0066876464415772e-05,32.06452163118783,84988012.3282462,108589324.18192112,34.09236303187288,57.73092908243931,195510871.65943998,0.001801908255696182,0.0010008036794225258,0.4346971173873475,0.0007832843245475939
USA,75491.6084348903,75643.6242951476,340110988.0,41.8,United States,NMA,HICs,0.6345556717069485,0.8333333333333334,0.9083333333333333,0.29780171552966045,0.47531733969252654,0.4217324974642472,0.3210284803929437,0.07926872145347895,0.0608221746093672,3.705328168012808,0.06,1.5,0.0,141.16566694458987,1.1392891183077402e-05,164.13068316105472,48011994456.203415,55822648811.02128,3874.8474764529437,236.30992765774238,80371602969.88329,0.003130280736587485,0.0021741579834348543,0.5973751011808783,0.0018699517717435032
UZB,10450.205140285198,9290.37392662001,36361859.0,34.6,Uzbekistan,ECA,LMICs,0.7341401375655401,0.6666666666666666,0.5333333333333333,0.34639468776606985,0.15768086426553132,0.24550838166798825,0.3702630432229944,0.0437567024926934,0.458801686625166,3.705328168012808,0.06,1.5,0.0,92.54549383912413,0.00016424432295089315,125.8788539832755,3365126198.0636005,4577189139.621452,5972.228912690841,175.45978425668625,6380043935.312045,0.016790080376536776,0.0120455868849901,0.5274456151372904,0.008855854272406987
VNM,14415.2159532813,13215.9287816632,100987686.0,36.1,Viet Nam,EAP,LMICs,0.6457157604166694,0.8333333333333334,0.65,0.3685205824381082,0.15673933683127567,0.2694436543138182,0.43038919368236084,0.034240304674291004,0.529734970766804,3.705328168012808,0.06,1.5,0.0,107.43526218648978,0.00014501753298083936,137.9935915294693,10849638523.016903,13935653491.390305,14644.98508516365,250.987586296202,25346655554.77875,0.017411295613581863,0.00957277310147117,0.42805010308239094,0.007452906882191698
ZAF,13598.7888656984,12983.6059307303,64007187.0,63.0,South Africa,SSA,UMICs,0.554874979276625,0.8333333333333334,0.625,0.2609504893395919,0.3718727819922551,0.5237760642620006,0.24019220587416462,0.037268022590415756,0.163133948389721,3.705328168012808,0.06,1.5,0.0,43.05573594071777,5.510673429570456e-05,54.55510345943108,2755876541.7801437,3491918708.9321523,3527.2270470244744,87.38864819713288,5593501546.831098,0.006426208176344447,0.004011761929552486,0.4926925502222196,0.0031661448946620247
ZMB,3716.0373533310003,3198.35696552235,21314956.0,51.5,Zambia,SSA,LMICs,0.6828507294943291,0.8333333333333334,0.42500000000000004,0.1999607740585774,0.0199154890468503,0.1878918539259605,0.606934545862226,0.020941869223771777,0.7380312038886799,3.705328168012808,0.06,1.5,0.0,14.865414185612767,0.00037360215132396687,28.56684872802859,316855649.288112,608901123.6965854,7963.313416975696,84.63100041023617,1803906049.980166,0.022774528984315565,0.007687449293915653,0.1756497514333387,0.004000340355106396
ZWE,3450.12970768715,3402.55168834731,16634373.0,50.3,Zimbabwe,SSA,LMICs,0.6335344881121437,0.8333333333333334,0.8333333333333334,0.6916635274013144,0.17664907989505974,0.19380859801006098,0.5742510207479403,0.023803493722790482,0.714928607252313,3.705328168012808,0.06,1.5,0.0,5.0030369602613085,7.185304064777897e-05,7.854932853133326,83222382.9297728,130661882.96897395,1195.230279319317,14.561237491055953,242217055.76780888,0.004220489872775628,0.002276706535302699,0.3435859736052212,0.0014501011220285902
