iso3,gdp_pc_pp,gni_pc_pp,pop,gini_index,name,region,income_group,prepare_scaleup,finance_pre,borrowing_ability,avg_prod_k,tau_tax,k_priv_share,k_household_share,owner_occupied_share_of_value_added,self_employment,real_est_k_to_va_shares_ratio,rho,income_elasticity_eta
AGO,7344.145378553929,6254.16953066624,37885849.0,51.3,Angola,SSA,LMICs,0.5975740580549966,0.6666666666666666,0.4416666666666666,0.1718626068564378,0.03694776924106429,0.1637065759760711,0.47799532162789515,0.0451187848464295,0.655007400457814,3.705328168012808,0.06,1.5
ALB,18920.894264472896,18404.6379498887,2714617.0,29.4,Albania,ECA,UMICs,0.3020250449045197,0.8333333333333334,0.5916666666666667,0.1620221696857466,0.18748463045754604,0.21884992397836708,0.48179673524553146,0.0651055644399448,0.523627444248986,3.705328168012808,0.06,1.5
ARG,26547.050342936498,25284.1877853823,45696159.0,42.4,Argentina,LAC,UMICs,0.4869371336118353,0.5,0.3,0.3074152642375409,0.20380071734395647,0.4115166295726825,0.34367910386630984,0.0542300266071183,0.257532871092025,3.705328168012808,0.06,1.5
ARM,20078.7848984844,18725.7119227579,3033500.0,27.2,Armenia,ECA,UMICs,0.3740101200533297,0.5,0.4416666666666666,0.469678089191154,0.4322400213249921,0.17769329613535187,0.5709491164853788,0.0793755193148248,0.609061512543324,3.705328168012808,0.06,1.5
AUS,60082.00578697499,58522.8987735291,27204809.0,33.8,Australia,EAP,HICs,0.6790700317264603,0.8333333333333334,0.9166666666666669,0.2309980310138752,0.39730054390714714,0.4990071487909325,0.3409184990078206,0.0717809049401884,0.130579647597431,3.705328168012808,0.06,1.5
AUT,63314.46278764539,62305.6383565027,9178482.0,31.2,Austria,ECA,HICs,0.6743220859874698,0.8333333333333334,0.8916666666666666,0.1818653202247265,0.4846643057522519,0.5393368608613751,0.270136917753844,0.0457523302025281,0.157215546374602,3.705328168012808,0.06,1.5
AZE,22072.105832734596,19693.9063534123,10202850.0,26.6,Azerbaijan,ECA,UMICs,0.4799341211716937,0.8333333333333334,0.6666666666666667,0.6127220701287495,0.022056723812067514,0.1124132366200331,0.3427389910714581,0.0293576109209773,0.6754557894723691,3.705328168012808,0.06,1.5
BDI,835.6208592483559,851.962370060218,14047786.0,37.5,Burundi,SSA,LICs,0.6666666666666667,0.5,0.5,0.5273924728010927,0.021092263725624658,0.06653454885429888,0.5397926597088019,0.0458501152088947,0.8475507922333191,3.705328168012808,0.06,1.5
BEL,63083.1843669076,62352.5605666743,11876844.0,26.8,Belgium,ECA,HICs,0.3576976268957179,0.8333333333333334,0.8500000000000001,0.1700950073738132,0.49195579837329256,0.5121154363401297,0.3396589115047526,0.0672313637665596,0.150241650782864,3.705328168012808,0.06,1.5
BEN,3901.32588494392,3822.67948629058,14462724.0,34.4,Benin,SSA,LMICs,0.6048974177043009,0.5,1.0,0.4570694328380306,0.043598002343194796,0.05753900697795942,0.5670954344776706,0.0387424819984428,0.8803963841468629,3.705328168012808,0.06,1.5
BFA,2547.9326438789894,2569.09345817925,23548781.0,37.4,Burkina Faso,SSA,LICs,0.5860386582748977,0.8333333333333334,0.4666666666666667,0.5136741699207948,0.07589567502058142,0.11111088342598387,0.4899256555605446,0.0409248436553048,0.752755377834778,3.705328168012808,0.06,1.5
BGD,8486.78495660517,8854.72230612135,173562364.0,30.9,Bangladesh,SAR,LMICs,0.7430143350200373,0.8333333333333334,0.6083333333333334,0.2770114487863902,0.08433631576618318,0.22186505750245325,0.5115710738806413,0.0694648897673418,0.533941897588006,3.705328168012808,0.06,1.5
BGR,34085.1952950467,32274.6230621858,6444366.0,39.5,Bulgaria,ECA,HICs,0.4856640200425024,0.8333333333333334,0.7250000000000001,0.3470229186386416,0.27895105638288276,0.4520874395772141,0.3145323648239322,0.0693527494390324,0.112936762960032,3.705328168012808,0.06,1.5
BIH,20429.700727633197,19913.9548286205,3164253.0,33.0,Bosnia and Herzegovina,ECA,UMICs,0.202715421325147,0.8333333333333334,0.5666666666666667,0.3638449267006413,0.19328903585136673,0.3897954552734887,0.25627997914117806,0.0382657309893619,0.227038537991475,3.705328168012808,0.06,1.5
BLR,29037.5291400434,28074.4955028392,9133712.0,24.4,Belarus,ECA,UMICs,0.7333333333333333,0.8333333333333334,0.5166666666666667,0.3634728967331161,0.46062929239162176,0.5965909687047342,0.25939189533689544,0.0623527820159084,0.0453709688849566,3.705328168012808,0.06,1.5
BLZ,13277.935265825397,11921.5830532649,417072.0,39.9,Belize,LAC,UMICs,0.5020893021045503,0.6666666666666666,0.4333333333333333,0.2461876535285786,0.16276250048130655,0.2773668571009565,0.31068361607682293,0.0416571088016665,0.360459676004445,3.705328168012808,0.06,1.5
BOL,9844.276851676288,9404.20916239205,12413315.0,42.1,Bolivia,LAC,LMICs,0.3505492399830046,0.5,0.3666666666666666,0.4823807976371062,0.15608392458645348,0.08714808315398351,0.3247043979114604,0.0388710818518428,0.6746049096878189,3.705328168012808,0.06,1.5
BRA,19647.9096329925,18932.3549097991,211998573.0,51.6,Brazil,LAC,UMICs,0.5291082704872349,0.6666666666666666,0.55,0.2423649776461265,0.22888147793198219,0.29075564868763876,0.37895057995446535,0.0666398587559825,0.312282709904483,3.705328168012808,0.06,1.5
BTN,14645.2656341911,13239.7011889342,791524.0,28.5,Bhutan,SAR,LMICs,0.6,0.8333333333333334,1.0,0.15485283162287,0.05128915470679245,0.1814117372706933,0.506559256129734,0.0185428070886107,0.707052576086817,3.705328168012808,0.06,1.5
BWA,18068.505069800496,19060.9054268781,2521139.0,54.9,Botswana,SSA,UMICs,0.6,0.6666666666666666,0.6708333333333334,0.2158499620289047,0.15561020086431637,0.38681961523701236,0.26625811100604424,0.0247844741888293,0.3107806505288289,3.705328168012808,0.06,1.5
CAN,56691.90701005028,55318.6112749144,41288599.0,31.1,Canada,NMA,HICs,0.7290944203661487,0.6666666666666666,0.825,0.2209511482560882,0.40155396937005305,0.37516708283402195,0.41036124074933444,0.0954167866448495,0.131513080870593,3.705328168012808,0.06,1.5
CHE,82026.40873045908,79631.6407153478,9034102.0,33.8,Switzerland,ECA,HICs,0.8346389202560219,1.0,1.0,0.2289916063398242,0.4629290069466026,0.6133628968362187,0.218287494868952,0.0259487589742676,0.166061918423514,3.705328168012808,0.06,1.5
CHL,30182.787122471396,28707.1035801015,19764771.0,43.0,Chile,LAC,HICs,0.5408725972262776,1.0,0.8666666666666667,0.2231146309942332,0.2623827014981074,0.5006053254275413,0.3568957700799654,0.0521327629249072,0.246453204652613,3.705328168012808,0.06,1.5
CHN,23845.619721725896,20701.1336318515,1408975000.0,36.0,China,EAP,UMICs,0.8,0.8333333333333334,0.8166666666666667,0.2022686904693058,0.31630861819254746,0.189482419820646,0.3420016451899066,0.0499406546503001,0.453054614058699,3.705328168012808,0.06,1.5
CIV,6733.154023826678,6791.52899752588,31934230.0,35.3,Cote d'Ivoire,SSA,LMICs,0.4411772661914926,0.5,0.4416666666666666,0.5264144049225482,0.07952118246154644,0.13814416730427057,0.567976014730905,0.0451187848464295,0.7436744421665441,3.705328168012808,0.06,1.5
CMR,4919.141669399769,4776.17502339118,29123744.0,42.2,Cameroon,SSA,LMICs,0.5426972877468083,0.8333333333333334,0.5,0.4033385932793022,0.06723599940744275,0.17505955321784536,0.5446579951658657,0.039395628071736,0.694882022728834,3.705328168012808,0.06,1.5
COD,1504.1437401180597,2366.06396799477,109276265.0,44.7,"Congo, Dem. Rep.",SSA,LICs,0.4,0.5,0.375,0.3277168959915325,0.08847041737891,0.09357661645361218,0.7288662472700007,0.0375811397736246,0.8630303625057251,3.705328168012808,0.06,1.5
COG,6181.470532935719,6179.09575375705,6332961.0,48.9,"Congo, Rep.",SSA,LMICs,0.4019986310383343,0.6666666666666666,0.425,0.1776060517970311,0.1494981356686363,0.1373950572849796,0.5933330463584171,0.0451187848464295,0.756196439862729,3.705328168012808,0.06,1.5
COL,18503.670601146492,18663.3528780714,52886363.0,53.9,Colombia,LAC,UMICs,0.5172414705972652,0.8333333333333334,1.0,0.3414650517486818,0.13311532806564227,0.3619004552939608,0.43585834358158726,0.0324196103909846,0.465934825340389,3.705328168012808,0.06,1.5
COM,3567.51386511576,3554.22701083097,866628.0,45.3,Comoros,SSA,LMICs,0.2666666666666666,0.3333333333333333,0.3333333333333333,0.2453295509724245,0.08425664877534447,0.27516881865712545,0.5391283688308391,0.0451187848464295,0.574777515841956,3.705328168012808,0.06,1.5
CRI,26973.4361581028,24652.65374815,5129910.0,45.8,Costa Rica,LAC,HICs,0.665176892969537,1.0,1.0,0.432619322553597,0.2671852093067606,0.4396432279498939,0.38498382577783374,0.0601215964929288,0.269521883663997,3.705328168012808,0.06,1.5
CYP,53255.5234375,47253.25,1358282.0,31.8,Cyprus,ECA,HICs,0.2915047815919911,0.8333333333333334,0.7083333333333334,0.1451910922152238,0.36631337571762546,0.5081241352247997,0.26299946308444433,0.0548636940241479,0.1051562660621059,3.705328168012808,0.06,1.5
CZE,47961.80951314829,46413.7086819405,10882164.0,25.7,Czechia,ECA,HICs,0.5393701498150425,1.0,0.925,0.1901309840206049,0.38904648926978913,0.4439798676453324,0.34914386387039553,0.0705664064052864,0.164905171448329,3.705328168012808,0.06,1.5
DEU,62829.7960031194,65408.3978267378,83510950.0,32.4,Germany,ECA,HICs,0.6063789838354662,0.8333333333333334,0.9166666666666669,0.2180023453970511,0.4648226718093607,0.6135782703431435,0.21425868956196437,0.04218910318694,0.0862742215819687,3.705328168012808,0.06,1.5
DNK,73709.0018358619,72119.6409650804,5976992.0,29.9,Denmark,ECA,HICs,0.6982914904907482,0.8333333333333334,0.9166666666666669,0.2117268243790424,0.5140918570734505,0.4982640737893044,0.2408911220684965,0.0526502690037891,0.0841889998659116,3.705328168012808,0.06,1.5
DOM,24229.46812227449,23475.5796880476,11427557.0,39.0,Dominican Republic,LAC,UMICs,0.5853167226634055,0.6666666666666666,1.0,0.2486250864217581,0.17976363583201505,0.3784373985958009,0.4271806480566954,0.0402127088980731,0.4236555940391029,3.705328168012808,0.06,1.5
DZA,15442.124446054197,15956.6764816144,46814308.0,27.6,Algeria,MNA,UMICs,0.8,1.0,1.0,0.2199790705924086,0.19512541349473161,0.258032662434242,0.2891324242136971,0.0451187848464295,0.320940198493035,3.705328168012808,0.06,1.5
ECU,13935.5391125402,13945.6658791476,18135478.0,45.2,Ecuador,LAC,UMICs,0.563095812503476,0.6666666666666666,0.4333333333333333,0.1806050261935844,0.1810890906781567,0.19181950324260272,0.36272601756269296,0.044454248040304,0.507938036477426,3.705328168012808,0.06,1.5
EGY,16798.151577863995,15804.9782194126,116538258.0,28.5,"Egypt, Arab Rep.",MNA,LMICs,0.6082203936160391,0.6666666666666666,0.4666666666666667,0.7411056618723808,0.12348817897940849,0.21380759965059812,0.23221834215971188,0.0423049320085156,0.260877691023584,3.705328168012808,0.06,1.5
ESP,48373.04556991848,47068.1645697859,48807137.0,33.4,Spain,ECA,HICs,0.6061794448483766,0.8333333333333334,0.7666666666666666,0.166704778502992,0.4156147233998593,0.4163870952761186,0.37548703743449124,0.0812422216249412,0.151693384007829,3.705328168012808,0.06,1.5
EST,41546.12018681219,40549.4142087389,1371986.0,30.7,Estonia,ECA,HICs,0.3661017450190345,0.8333333333333334,0.8333333333333333,0.2239238114723021,0.3934341917789655,0.41486276502996233,0.34984546134115013,0.0804251761077301,0.111084342471674,3.705328168012808,0.06,1.5
ETH,2884.2646071234494,2999.69061538126,132059767.0,31.1,Ethiopia,SSA,LICs,0.7333333333333333,0.8333333333333334,0.5083333333333333,0.4834511165692108,0.0672654566228608,0.053695653559263964,0.46990949604072874,0.0440866017372992,0.850948840976875,3.705328168012808,0.06,1.5
FIN,55628.6815127631,55731.4370147575,5637214.0,27.4,Finland,ECA,HICs,0.6963851362078851,0.8333333333333334,0.8916666666666666,0.1999180459504058,0.5007850067930457,0.3960429164633453,0.37181313618402606,0.0841071727505231,0.131887241270814,3.705328168012808,0.06,1.5
FRA,54464.9816695754,54392.1901766941,68516699.0,31.8,France,ECA,HICs,0.5654372974328619,1.0,0.95,0.1766812468382362,0.47741706714412796,0.39907648884071745,0.3582367567369778,0.0807033361442036,0.129188041552019,3.705328168012808,0.06,1.5
GAB,18923.090047667796,17981.0846193804,2538952.0,38.0,Gabon,SSA,UMICs,0.4267726317339799,0.8333333333333334,0.5041666666666667,0.2729777731386862,0.0671403513157279,0.3287238494211822,0.3691610248631774,0.0542300266071183,0.3385103735020069,3.705328168012808,0.06,1.5
GBR,52517.9848574945,51736.1828004141,69226000.0,32.4,United Kingdom,ECA,HICs,0.642071262418551,0.8333333333333334,0.8500000000000001,0.2116697162815504,0.41176458287313455,0.4030566204098695,0.3770822660784824,0.0849087628111394,0.134187341614466,3.705328168012808,0.06,1.5
GEO,25000.632641698096,24167.4328171923,3673850.0,33.9,Georgia,ECA,UMICs,0.4799341211716937,0.8333333333333334,0.6416666666666667,0.2604396764340878,0.38162846486507307,0.14656076408035013,0.4673214261773498,0.0885142830496042,0.487384383924351,3.705328168012808,0.06,1.5
GHA,7061.93402799185,6966.18464853549,34427414.0,43.5,Ghana,SSA,LMICs,0.5975740580549966,0.8333333333333334,0.475,0.4015998812071467,0.1197989368492973,0.21790887597755157,0.6103278665999207,0.0195187405733835,0.711727725664695,3.705328168012808,0.06,1.5
GIN,4028.4834738089894,3797.7783583026,14754785.0,29.6,Guinea,SSA,LMICs,0.491227769978424,0.6666666666666666,0.6666666666666666,0.5326179953434279,0.0907033631934299,0.07578394442800246,0.5096362513164531,0.0451187848464295,0.818802860470411,3.705328168012808,0.06,1.5
GMB,3030.97408356729,2863.96740381559,2759988.0,38.8,"Gambia, The",SSA,LICs,0.6666666666666667,0.8333333333333334,1.0,0.5058967226596787,0.10449421372321882,0.14951729681772497,0.39904179045832605,0.0168632764430044,0.692398782635111,3.705328168012808,0.06,1.5
GRC,37752.632117266396,37101.2201278838,10388805.0,33.4,Greece,ECA,HICs,0.5450174951544926,0.8333333333333334,0.6666666666666667,0.1247032487295633,0.37441217728509507,0.21374168590567783,0.4662910673206698,0.0999845416057328,0.309524457344361,3.705328168012808,0.06,1.5
GTM,12640.887111710099,12682.1851933397,18406359.0,45.2,Guatemala,LAC,UMICs,0.4666666666666667,0.6666666666666666,1.0,0.3252414222281725,0.18313296405310125,0.3272831981160057,0.4436122333736616,0.0619556570891973,0.3954084073471229,3.705328168012808,0.06,1.5
HND,6585.855357178609,6183.32922665544,10825703.0,45.7,Honduras,LAC,LMICs,0.2604377998089767,0.8333333333333334,1.0,0.242592640152496,0.12549734466811446,0.28575215337564697,0.40720288689577455,0.0451187848464295,0.4565126156052529,3.705328168012808,0.06,1.5
HRV,42633.766680832894,43091.2323856226,3866300.0,30.1,Croatia,ECA,HICs,0.4687164668184457,0.6666666666666666,0.6333333333333333,0.2034149049016802,0.3162401312912516,0.338694482250907,0.3442436561996546,0.0785927846979857,0.135379286777243,3.705328168012808,0.06,1.5
HTI,2800.661066365939,2985.3943136635,11772557.0,41.1,Haiti,LAC,LMICs,0.5333333333333333,0.5,0.5,0.1143319686014651,0.13049444259456391,0.12021317322880967,0.5153874018032318,0.0394642736209497,0.754352409262302,3.705328168012808,0.06,1.5
HUN,40702.1535135968,39108.9254267516,9562314.0,30.6,Hungary,ECA,HICs,0.6448860437011493,0.8333333333333334,0.7083333333333334,0.2093766840969745,0.4816070835837949,0.32176152478122655,0.44611531935069304,0.1082255507775646,0.122944560329107,3.705328168012808,0.06,1.5
IDN,14470.437202057798,13851.4910785419,283487931.0,34.9,Indonesia,EAP,UMICs,0.7011917233988042,0.6666666666666666,0.6333333333333333,0.1761408179006248,0.15168100557127023,0.3588491158525397,0.4948749779125363,0.0196589180261576,0.540456286515265,3.705328168012808,0.06,1.5
IND,9817.070820970479,9744.07793295972,1450935791.0,25.5,India,SAR,LMICs,0.7738320593043702,1.0,0.775,0.2680875156035308,0.06804529105697421,0.1152723731482714,0.5802280005607683,0.0573908840877186,0.7612658681171909,3.705328168012808,0.06,1.5
IRL,115337.16670137396,85924.0824714224,5380257.0,29.0,Ireland,ECA,HICs,0.5127947441090477,0.8333333333333334,0.8416666666666667,0.274919206221943,0.5594564137496166,0.603479249299472,0.2540825844001283,0.0426102309415736,0.137488731291084,3.705328168012808,0.06,1.5
IRN,16224.035344583497,15066.2931691639,91567738.0,35.9,"Iran, Islamic Rep.",MNA,UMICs,0.5945261939061661,0.8333333333333334,0.8333333333333334,0.1673617841863386,0.2852517391538282,0.2692307587084607,0.4935960539906784,0.0794831200441085,0.4251084920428309,3.705328168012808,0.06,1.5
IRQ,12725.043126039298,12194.7249857393,46042015.0,29.8,Iraq,MNA,UMICs,0.2611828188184946,0.5,0.3666666666666666,0.4073304239369676,0.11685537630025951,0.09751388832673871,0.24598471099455532,0.0542300266071183,0.3159730828755089,3.705328168012808,0.06,1.5
ISL,65645.09485675399,61705.3991597158,404610.0,26.8,Iceland,ECA,HICs,0.6291541148918254,0.8333333333333334,0.8,0.2088920584384275,0.44168003274335954,0.4376993773772012,0.3307795698766459,0.0705449092119886,0.136835578997005,3.705328168012808,0.06,1.5
ISR,47338.8424624205,46968.0465951218,9974400.0,37.9,Israel,MNA,HICs,0.3037350504261213,0.6666666666666666,0.7416666666666667,0.2848230351273969,0.34280791852063375,0.47851180931815296,0.3668030447403404,0.0818933624508303,0.1169300809039,3.705328168012808,0.06,1.5
ITA,53115.1350996573,52778.0351591653,58986023.0,34.3,Italy,ECA,HICs,0.6623002024068627,0.8333333333333334,0.7,0.1434501066431165,0.45312044271198393,0.35120236993429926,0.4433183987019144,0.0938885907117468,0.213666291620479,3.705328168012808,0.06,1.5
JOR,9520.250644974538,9136.54209984611,11552876.0,33.7,Jordan,MNA,LMICs,0.5705707672674138,0.5,0.4333333333333333,0.3098295810740082,0.21035896626097958,0.2714718518873347,0.4185991409510056,0.1032604360098305,0.117041786163593,3.705328168012808,0.06,1.5
JPN,46097.429977301195,47902.5061712578,123975371.0,32.3,Japan,EAP,HICs,0.5890552972778644,0.8333333333333334,0.8083333333333333,0.2106785735429563,0.39916581955690233,0.3599670066204922,0.302326081040606,0.0713913450791218,0.0950253170182913,3.705328168012808,0.06,1.5
KAZ,35905.441493890496,32268.45091455,20592571.0,29.2,Kazakhstan,ECA,UMICs,0.4874772623375023,1.0,0.7916666666666667,0.4992063423501769,0.3053730870878205,0.4312580152561505,0.3779184873810123,0.0623870067945321,0.2538945746248,3.705328168012808,0.06,1.5
KEN,5823.40759464391,5695.37403184006,56432944.0,37.7,Kenya,SSA,LMICs,0.6358429590097112,0.6666666666666666,1.0,0.442077796979773,0.08239468731128075,0.15547282014632732,0.4940611428275189,0.0545614274790111,0.6524706147265159,3.705328168012808,0.06,1.5
KOR,50414.20833917639,49571.0547938155,51751065.0,32.9,"Korea, Rep.",EAP,HICs,0.6918635585867663,1.0,0.9416666666666668,0.202797209207779,0.3444934082173169,0.48660436482760694,0.3075648166200748,0.043371626725957,0.2318346768512419,3.705328168012808,0.06,1.5
LAO,8610.901662796658,7620.24843935199,7769819.0,38.8,Lao PDR,EAP,LMICs,0.5617039206533438,0.3333333333333333,0.2291666666666666,0.2864886795282072,0.11916209766790141,0.06663548972114246,0.39991871336948037,0.0460928181016196,0.774701374900218,3.705328168012808,0.06,1.5
LBN,11330.2687387422,10327.5677287268,5805962.0,35.3,Lebanon,MNA,LMICs,0.3565122472738893,0.5,0.25,0.1778802634087515,0.16329846105572335,0.318873755096995,0.5534022183665295,0.1132343609273951,0.295626515170066,3.705328168012808,0.06,1.5
LBR,1658.2599942500997,1443.67262728265,5612817.0,35.3,Liberia,SSA,LICs,0.6333333333333333,0.6666666666666666,0.6666666666666666,0.2623024378712349,0.0894503039561179,0.11646021057686802,0.52892491368592,0.0243196851242554,0.790264840152927,3.705328168012808,0.06,1.5
LKA,13752.836740385997,13379.2997442946,21916000.0,37.7,Sri Lanka,SAR,LMICs,0.5388648938202181,0.6666666666666666,1.0,0.3473223975424335,0.1550440431934355,0.3777451731220884,0.4088746165451157,0.0371089888315207,0.4180646617695089,3.705328168012808,0.06,1.5
LSO,2637.9165102339493,3044.23213592819,2337423.0,44.9,Lesotho,SSA,LMICs,0.4,0.3333333333333333,0.2416666666666666,0.2171583394734142,0.23231199822572035,0.239426927373912,0.2592902165764759,0.0293945710504324,0.385770775891706,3.705328168012808,0.06,1.5
LTU,47169.008419028694,43616.2619023607,2888055.0,36.0,Lithuania,ECA,HICs,0.3000856069005659,0.8333333333333334,0.8,0.2598650358328045,0.3188746827745659,0.5120896677314666,0.27381526917778576,0.0552967626222385,0.118625059815295,3.705328168012808,0.06,1.5
LVA,38936.04538704539,37768.6122626232,1862441.0,34.0,Latvia,ECA,HICs,0.245306406115846,0.8333333333333334,0.7833333333333333,0.1343388801775949,0.32237850520046907,0.387117320037087,0.3973760596943207,0.0910919743855269,0.133903184257445,3.705328168012808,0.06,1.5
MAR,9065.914062499998,8955.1123046875,38081173.0,39.5,Morocco,MNA,LMICs,0.6986300833767103,1.0,1.0,0.2008016416164941,0.16639960491850359,0.36174036588252906,0.42247584806724614,0.0490717515167237,0.399490689132891,3.705328168012808,0.06,1.5
MDA,16465.928687609696,17329.513294551,2389275.0,26.8,Moldova,ECA,UMICs,0.4660296594661768,0.5,0.375,0.4075954431814228,0.47968830600334234,0.20760796026187567,0.5882448654301602,0.0780785982721665,0.590149834721299,3.705328168012808,0.06,1.5
MDG,1657.0497062250997,1573.90927049096,31964956.0,36.8,Madagascar,SSA,LICs,0.6,0.5,1.0,0.4516007373953485,0.09612878700045521,0.04548529032954654,0.5274630035263428,0.0433334193587319,0.889701546595027,3.705328168012808,0.06,1.5
MEX,22033.274449661898,22442.6274582049,130861007.0,43.5,Mexico,LAC,UMICs,0.4589684434333194,0.8333333333333334,0.7083333333333334,0.2308702182062391,0.16693555653805303,0.36839619696653125,0.3913563416744734,0.0602085345147196,0.313539135942305,3.705328168012808,0.06,1.5
MKD,24465.391930675094,23759.7560846465,1792179.0,33.5,North Macedonia,ECA,UMICs,0.4800144181538514,0.6666666666666666,0.4833333333333333,0.2633828630982844,0.26604537848747223,0.2371753534475895,0.45685738841858403,0.1111682356045864,0.159304270103509,3.705328168012808,0.06,1.5
MLI,2910.81542295398,2854.53769916482,24478595.0,35.7,Mali,SSA,LICs,0.5736654482148582,0.6666666666666666,0.4083333333333333,0.6798061699455986,0.14886405179257126,0.06336138152409845,0.5321666091555077,0.0433334193587319,0.854329412430454,3.705328168012808,0.06,1.5
MLT,60473.25807151139,51845.8605815574,574346.0,34.6,Malta,MNA,HICs,0.575217762675083,0.6666666666666666,0.7083333333333333,0.2877562463415385,0.3708775705463959,0.4779130961667169,0.32611710034462793,0.0649817148219051,0.151510478186655,3.705328168012808,0.06,1.5
MMR,5276.29433987853,5096.69887498233,54500091.0,30.7,Myanmar,EAP,LMICs,0.4180693914260636,0.5,0.5,0.3419835843207797,0.10698830455615412,0.18011469149850054,0.5099883783880742,0.047681248559472,0.64919218975476,3.705328168012808,0.06,1.5
MNE,27853.64295059209,28426.8714996308,623831.0,34.3,Montenegro,ECA,UMICs,0.4799341211716937,0.8333333333333334,0.5791666666666667,0.3178534786705985,0.3294896408611891,0.37614808217086726,0.32644021228908743,0.064702769140725,0.187310087406685,3.705328168012808,0.06,1.5
MNG,16801.306793135198,16830.1515862536,3524788.0,31.4,Mongolia,EAP,UMICs,0.3822381336653206,0.8333333333333334,0.5583333333333333,0.2291432522177423,0.3455705831103114,0.2738433788427058,0.33989016773632996,0.0429324310727804,0.397689458904874,3.705328168012808,0.06,1.5
MOZ,1495.3224081401993,1450.29525689311,34631766.0,49.6,Mozambique,SSA,LICs,0.7136908668824892,1.0,0.5833333333333334,0.3294826964673195,0.06481008247803448,0.06392833786707176,0.4358046222756794,0.0193775857534566,0.8506112153602661,3.705328168012808,0.06,1.5
MRT,6396.991258273659,5804.6754007324,5169395.0,32.0,Mauritania,SSA,LMICs,0.6666666666666667,0.6666666666666666,1.0,0.2207657857768042,0.12279746051896856,0.27644202719339844,0.5365946926380436,0.043712757341274,0.575401313050379,3.705328168012808,0.06,1.5
MUS,27317.18528365499,25275.1876485484,1259509.0,36.8,Mauritius,SSA,UMICs,0.5742250470100161,0.8333333333333334,0.6916666666666667,0.3215392198399729,0.2782679325758135,0.4007383729691496,0.2600650583010262,0.0456819070402079,0.18472384808344,3.705328168012808,0.06,1.5
MWI,1635.85689673716,1636.88804609079,21655286.0,38.5,Malawi,SSA,LICs,0.8,0.6666666666666666,1.0,0.9707059348850776,0.11144759345517931,0.1291782604475657,0.4116157216788686,0.0550982275459276,0.6162683457754661,3.705328168012808,0.06,1.5
MYS,34071.9449554711,32999.563739747,35557673.0,40.7,Malaysia,EAP,UMICs,0.7205719607313039,0.8333333333333334,0.7583333333333333,0.2494921269867408,0.1539877528606529,0.3721326105260076,0.18047353419607481,0.0103483875749926,0.276375407385757,3.705328168012808,0.06,1.5
NAM,10281.335637034399,10708.5722585034,3030131.0,59.1,Namibia,SSA,LMICs,0.6244079980796371,0.6666666666666666,0.5333333333333333,0.312294397553134,0.12106035603597687,0.31883547239962073,0.34342176965498744,0.0373665666691797,0.3913051808058529,3.705328168012808,0.06,1.5
NER,1772.7245118612798,2089.6357920904,27032412.0,32.9,Niger,SSA,LICs,0.6666666666666667,0.6666666666666666,0.4083333333333333,0.2327884718755795,0.12239436960101288,0.06275824744172463,0.6318203323170837,0.0134308850684793,0.902672135245963,3.705328168012808,0.06,1.5
NGA,5665.451577161968,5384.77783291057,232679478.0,33.9,Nigeria,SSA,LMICs,0.5289779172613325,0.8333333333333334,0.5416666666666667,0.3321177343594327,0.0815352034907581,0.07787672814626506,0.5519366621745357,0.0323570583938406,0.8472765376212721,3.705328168012808,0.06,1.5
NIC,7661.602027228179,7785.76927506026,6916140.0,46.2,Nicaragua,LAC,LMICs,0.5839488873340655,0.6666666666666666,0.4666666666666667,0.2651014158493167,0.15223468639796028,0.2938117184885567,0.3887118102311431,0.0451187848464295,0.429872216086372,3.705328168012808,0.06,1.5
NLD,70901.83841731578,70376.0113936909,17994237.0,25.7,Netherlands,ECA,HICs,0.6848459183373843,0.8333333333333334,0.9166666666666669,0.2157709406280088,0.4849955095556437,0.445246355632305,0.29749474753865657,0.0565375483561068,0.165034079958082,3.705328168012808,0.06,1.5
NOR,91108.23697046447,110848.884305355,5572272.0,26.5,Norway,ECA,HICs,0.7135282568782568,1.0,1.0,0.2377352471442723,0.5526897861136879,0.562310864434602,0.18948775524061803,0.0438741581653304,0.0456860307051373,3.705328168012808,0.06,1.5
NPL,5046.81592972946,5070.94516128461,29651054.0,30.0,Nepal,SAR,LMICs,0.543613903690862,0.6666666666666666,1.0,0.3106478259785661,0.30266492850303744,0.1008238630090201,0.6717307393885492,0.0713399691183535,0.8016124188899749,3.705328168012808,0.06,1.5
PAK,5530.996129259159,5606.17604522018,251269164.0,29.6,Pakistan,MNA,LMICs,0.5128272667527066,0.8333333333333334,0.5083333333333333,0.6522309077626153,0.16331691342241056,0.2333752040599035,0.4392299081919211,0.0346742973601706,0.571100379312102,3.705328168012808,0.06,1.5
PAN,36426.007943644996,34663.772926628,4515577.0,49.7,Panama,LAC,HICs,0.4490213142084069,0.8333333333333334,1.0,0.2486707684382412,0.18239864617348037,0.3494698618187214,0.4585708307412165,0.0636761349973565,0.38914519253997,3.705328168012808,0.06,1.5
PER,15661.749771195598,15022.326236543,34217848.0,40.1,Peru,LAC,UMICs,0.4081936571991137,0.8333333333333334,1.0,0.2774178440794039,0.12122330957639157,0.28266556128174314,0.42939181194133047,0.0312224592457533,0.526021514684753,3.705328168012808,0.06,1.5
PHL,10375.940417993797,11579.5326713361,115843670.0,39.3,Philippines,EAP,LMICs,0.7435303007378833,0.6666666666666666,1.0,0.3459349526152716,0.3625617449904638,0.3769440839198578,0.3897594816645219,0.0460934893994559,0.3674501514223909,3.705328168012808,0.06,1.5
POL,45112.5993993196,43043.7502844657,36554707.0,28.5,Poland,ECA,HICs,0.4511059052135772,0.8333333333333334,0.775,0.421586230542222,0.398206134104147,0.45028089678839806,0.29573029654386285,0.049612616383499,0.199045213380914,3.705328168012808,0.06,1.5
PRT,41883.85142021639,42037.3623562572,10701636.0,33.9,Portugal,ECA,HICs,0.598726219230438,0.8333333333333334,0.7416666666666667,0.1251835191172326,0.38223386567817086,0.3821316946845563,0.3769567511880183,0.0841726353243096,0.1455038877401269,3.705328168012808,0.06,1.5
PRY,16296.283618926696,14943.4653092085,6929153.0,44.2,Paraguay,LAC,UMICs,0.4804687854724018,0.8333333333333334,0.6583333333333333,0.3203902747508443,0.0985157371275941,0.3398007708538281,0.42407704494956355,0.0498736514198583,0.41320538964087,3.705328168012808,0.06,1.5
ROU,40610.7541380693,40955.8939476654,19069340.0,29.8,Romania,ECA,HICs,0.4036449922733403,0.8333333333333334,1.0,0.3181439389878922,0.4612372961476077,0.4003447805486069,0.3980715367580293,0.0755294007695928,0.227960963680757,3.705328168012808,0.06,1.5
RUS,41704.710937499985,38938.79296875,143533851.0,33.0,Russian Federation,ECA,HICs,0.3801271692176262,0.8333333333333334,0.7,0.2324524602368638,0.274733461133864,0.3960001059964115,0.3418783008173144,0.0847333113286995,0.0658473099479725,3.705328168012808,0.06,1.5
RWA,3264.644514743919,3277.63302263633,14256567.0,39.4,Rwanda,SSA,LICs,0.8,0.6666666666666666,1.0,0.585174807157438,0.08793525685313026,0.16894691143011334,0.2780990988576304,0.0430335703017261,0.412547595958113,3.705328168012808,0.06,1.5
SDN,1871.58911132813,1831.03149414063,50448963.0,34.2,Sudan,SSA,LICs,0.6666666666666667,0.6666666666666666,0.6666666666666666,0.6196936360546678,0.09291300670361981,0.3088152734156722,0.4292012812956049,0.0433334193587319,0.465210501982334,3.705328168012808,0.06,1.5
SEN,4495.894893458379,4264.48878673377,18501984.0,36.2,Senegal,SSA,LMICs,0.5152567271479656,0.6666666666666666,0.5208333333333333,0.3456410886964015,0.1697835081020063,0.1364820590746775,0.5351545355979969,0.0601998839377181,0.695743915796617,3.705328168012808,0.06,1.5
SLE,3092.8305770948,2887.17023686082,8642022.0,35.7,Sierra Leone,SSA,LICs,0.5491767239521866,0.6666666666666666,0.6666666666666666,0.944750855404646,0.039823842753371835,0.04031409359620812,0.5028954791376767,0.0433334193587319,0.894643625081441,3.705328168012808,0.06,1.5
SLV,11669.081713564394,10825.6115016267,6338193.0,39.8,El Salvador,LAC,UMICs,0.6260676719994388,0.6666666666666666,1.0,0.3021237805974837,0.12333806877081531,0.3555615694785341,0.3909922132727769,0.0507350422862429,0.363436068453801,3.705328168012808,0.06,1.5
SRB,26886.0087460398,25764.6747156874,6587202.0,32.8,Serbia,ECA,UMICs,0.5111993892256985,0.6666666666666666,1.0,0.2280092387089795,0.3689239528431306,0.3930208643168202,0.43964182569600785,0.0793107982213091,0.270549284494911,3.705328168012808,0.06,1.5
SVK,40346.574813847794,38089.3809910381,5422069.0,23.8,Slovak Republic,ECA,HICs,0.5623022545867079,0.5,0.6333333333333333,0.2183933068719898,0.34545001001874653,0.3358324260743949,0.45185630834046553,0.1057950492728843,0.151259665024365,3.705328168012808,0.06,1.5
SVN,48495.88968708099,47427.8732753114,2126324.0,24.7,Slovenia,ECA,HICs,0.6681934502451844,0.8333333333333334,0.8,0.1574427097328758,0.4318080174614565,0.47439023520562273,0.29285071235785887,0.0577374741824145,0.142623818109898,3.705328168012808,0.06,1.5
SWE,63258.90799240019,65070.6176453437,10569709.0,29.3,Sweden,ECA,HICs,0.5999160592339046,0.8333333333333334,0.9166666666666669,0.2217019006714324,0.493790565599212,0.5105751139047239,0.24165467498860674,0.0487869476123778,0.106539779128754,3.705328168012808,0.06,1.5
SWZ,10367.2682554184,9756.06698089589,1242822.0,54.6,Eswatini,SSA,LMICs,0.6,0.8333333333333334,0.5416666666666667,0.3140405796118398,0.20829059007857814,0.2554475478992411,0.27950086830337323,0.0385385778508665,0.3485979149908809,3.705328168012808,0.06,1.5
TCD,2605.7716418397395,2451.40860241569,20299123.0,37.4,Chad,SSA,LICs,0.6333333333333333,0.6666666666666666,0.6666666666666666,0.5538995526753602,0.06372755162815898,0.045404987642817314,0.6384298699828652,0.0458176866603692,0.911674668000304,3.705328168012808,0.06,1.5
TGO,2849.60384966171,2776.57404669686,9515236.0,37.9,Togo,SSA,LICs,0.2310059058933776,0.5,0.3875,0.3975163837569679,0.09148530241815998,0.0453894187911673,0.4211545819342447,0.0573445617128632,0.82134622118878,3.705328168012808,0.06,1.5
TJK,4755.932967047189,7500.20928238403,10590927.0,36.1,Tajikistan,ECA,LMICs,0.5838001143080322,0.6666666666666666,1.0,0.1088615328715904,0.20566812990314676,0.29547430337993497,0.11260758135576111,0.000900708524265,0.269973206281708,3.705328168012808,0.06,1.5
TUN,12713.549847382097,12626.0328745436,12277109.0,33.7,Tunisia,MNA,LMICs,0.394376725177459,0.6666666666666666,0.4458333333333333,0.4027351818419936,0.1933440573112589,0.37983965452842217,0.29716728256547525,0.0451187848464295,0.2549636834283399,3.705328168012808,0.06,1.5
TUR,35294.39367779259,30929.7318407593,85518661.0,44.5,Turkiye,ECA,UMICs,0.5962344510255896,0.8333333333333334,0.5916666666666667,0.2319172126673958,0.24793292753332113,0.5215057173273397,0.2991669771499115,0.0243670178452106,0.285985075058983,3.705328168012808,0.06,1.5
TZA,3713.26293945313,3646.03955078125,68560157.0,40.5,Tanzania,SSA,LMICs,0.6578896413368731,0.6666666666666666,1.0,0.3392861218722182,0.05981794050330904,0.08265366850689854,0.5792825412435579,0.0246084289711622,0.855185101977619,3.705328168012808,0.06,1.5
UGA,2881.8659466842996,2733.47717362525,50015092.0,42.7,Uganda,SSA,LICs,0.5970655828189557,0.8333333333333334,0.5666666666666667,0.5221099997715624,0.07606333698284558,0.10105460070017162,0.6332490126829586,0.0512350355449622,0.814395150430606,3.705328168012808,0.06,1.5
UKR,16319.8447265625,16973.224609375,37860221.0,25.6,Ukraine,ECA,UMICs,0.2250438577946273,0.6666666666666666,0.375,0.0888663493953984,0.4204667183764806,0.4975462829263147,0.2857491333689615,0.0450623886039238,0.192720230501339,3.705328168012808,0.06,1.5
URY,32038.772728822696,28850.6485889482,3386588.0,40.0,Uruguay,LAC,HICs,0.5714973299953743,0.6666666666666666,0.6333333333333333,0.2244433082155382,0.2798199586523296,0.3020776440140309,0.3725425385214831,0.0666702176337429,0.293526339692597,3.705328168012808,0.06,1.5
USA,75491.60843489028,75643.6242951476,340110988.0,41.8,United States,NMA,HICs,0.6345556717069485,0.8333333333333334,0.9083333333333332,0.2978017155296604,0.47531733969252654,0.4217324974642471,0.3210284803929435,0.0792687214534789,0.0608221746093672,3.705328168012808,0.06,1.5
UZB,10450.205140285198,9290.37392662001,36361859.0,34.6,Uzbekistan,ECA,LMICs,0.7341401375655401,0.6666666666666666,0.5333333333333333,0.3463946877660698,0.15768086426553132,0.24550838166798825,0.3702630432229944,0.0437567024926934,0.458801686625166,3.705328168012808,0.06,1.5
VNM,14415.215953281298,13215.9287816632,100987686.0,36.1,Viet Nam,EAP,LMICs,0.6457157604166694,0.8333333333333334,0.65,0.3685205824381082,0.1567393368312756,0.2694436543138182,0.4303891936823608,0.034240304674291,0.529734970766804,3.705328168012808,0.06,1.5
ZAF,13598.788865698396,12983.6059307303,64007187.0,63.0,South Africa,SSA,UMICs,0.554874979276625,0.8333333333333334,0.625,0.2609504893395919,0.371872781992255,0.5237760642620006,0.2401922058741644,0.0372680225904157,0.163133948389721,3.705328168012808,0.06,1.5
ZMB,3716.0373533310003,3198.35696552235,21314956.0,51.5,Zambia,SSA,LMICs,0.6828507294943291,0.8333333333333334,0.425,0.1999607740585774,0.019915489046850234,0.1878918539259605,0.6069345458622256,0.0209418692237717,0.7380312038886799,3.705328168012808,0.06,1.5
ZWE,3450.12970768715,3402.55168834731,16634373.0,50.3,Zimbabwe,SSA,LMICs,0.6335344881121437,0.8333333333333334,0.8333333333333334,0.6916635274013144,0.17664907989505965,0.19380859801006098,0.57425102074794,0.0238034937227904,0.714928607252313,3.705328168012808,0.06,1.5
